date,rank_ic,signal
2018-01-31,0.45875808257775536,clean_trailing
2018-02-01,0.23578166789303381,clean_trailing
2018-02-02,0.4159243188680205,clean_trailing
2018-02-05,0.5090477526754505,clean_trailing
2018-02-06,-0.2973321662689575,clean_trailing
2018-02-07,-0.7683504305585881,clean_trailing
2018-02-08,-0.12298136645962733,clean_trailing
2018-02-09,-0.3662685140946011,clean_trailing
2018-02-12,-0.07769371689843448,clean_trailing
2018-02-13,-0.011005813525382989,clean_trailing
2018-02-14,-0.11831501831501832,clean_trailing
2018-02-22,-0.03878871002538063,clean_trailing
2018-02-23,-0.3158942506768594,clean_trailing
2018-02-26,-0.11280478408293988,clean_trailing
2018-02-27,-0.25639366087566323,clean_trailing
2018-02-28,-0.19941463608313453,clean_trailing
2018-03-01,0.07013827114650963,clean_trailing
2018-03-02,0.038512383653221516,clean_trailing
2018-03-05,-0.28502946329033285,clean_trailing
2018-03-06,-0.047203584331033124,clean_trailing
2018-03-07,-0.08054033588842895,clean_trailing
2018-03-08,-0.08034918002793426,clean_trailing
2018-03-09,0.1896954013050582,clean_trailing
2018-03-12,-0.09372660817573718,clean_trailing
2018-03-13,-0.24861541891986724,clean_trailing
2018-03-14,-0.24829179022748973,clean_trailing
2018-03-15,0.13967121540145275,clean_trailing
2018-03-16,0.1602239080961063,clean_trailing
2018-03-19,0.13292066929584612,clean_trailing
2018-03-20,-0.1444718063831256,clean_trailing
2018-03-21,0.2756287351121998,clean_trailing
2018-03-22,-0.09734445078063592,clean_trailing
2018-03-23,0.12632130736833444,clean_trailing
2018-03-26,0.12522694696607742,clean_trailing
2018-03-27,0.05728279211425279,clean_trailing
2018-03-28,-0.4024019822248778,clean_trailing
2018-03-29,0.08241727064194036,clean_trailing
2018-03-30,0.011499878702345824,clean_trailing
2018-04-02,0.0161748363995555,clean_trailing
2018-04-03,0.03073982648913049,clean_trailing
2018-04-04,0.10532946096107015,clean_trailing
2018-04-09,-0.38895291438938356,clean_trailing
2018-04-10,0.055311792737326525,clean_trailing
2018-04-11,0.007351306878171243,clean_trailing
2018-04-12,-0.41673526541719674,clean_trailing
2018-04-13,-0.0042392762779137165,clean_trailing
2018-04-16,-0.15963550457782663,clean_trailing
2018-04-17,0.20756557421081348,clean_trailing
2018-04-18,-0.053096982235436685,clean_trailing
2018-04-19,0.04236754483118087,clean_trailing
2018-04-20,0.025345110018827836,clean_trailing
2018-04-23,0.01085730748652097,clean_trailing
2018-04-24,0.04602214265135613,clean_trailing
2018-04-25,-0.04083396835759634,clean_trailing
2018-04-26,-0.028819558799518138,clean_trailing
2018-04-27,-0.1375370432511708,clean_trailing
2018-05-02,0.05800811636982129,clean_trailing
2018-05-03,-0.08284127015059665,clean_trailing
2018-05-04,-0.09210190558505166,clean_trailing
2018-05-07,0.00563902039366999,clean_trailing
2018-05-08,0.24586952131057166,clean_trailing
2018-05-09,-0.016234795484108864,clean_trailing
2018-05-10,-0.17436615095441108,clean_trailing
2018-05-11,0.08239241034734357,clean_trailing
2018-05-14,-0.18401751687914786,clean_trailing
2018-05-15,-0.016816960188479217,clean_trailing
2018-05-16,-0.05766381302217211,clean_trailing
2018-05-17,-0.050520683439347056,clean_trailing
2018-05-18,-0.3308145038482117,clean_trailing
2018-05-21,-0.12902509049643796,clean_trailing
2018-05-22,0.10127176194591925,clean_trailing
2018-05-23,-0.057134893536499344,clean_trailing
2018-05-24,0.1314561467939736,clean_trailing
2018-05-25,0.14894091415830546,clean_trailing
2018-05-28,0.07382336568762685,clean_trailing
2018-05-29,0.15469383351571286,clean_trailing
2018-05-30,0.34034469870903933,clean_trailing
2018-05-31,-0.30159292876174454,clean_trailing
2018-06-01,0.13687907167098046,clean_trailing
2018-06-04,-0.165661269892653,clean_trailing
2018-06-05,-0.1728642264326472,clean_trailing
2018-06-06,-0.034147229956202035,clean_trailing
2018-06-07,0.36230403135498324,clean_trailing
2018-06-08,0.1002748814911578,clean_trailing
2018-06-11,0.18881092100708105,clean_trailing
2018-06-12,0.1749842518460067,clean_trailing
2018-06-13,-0.1175268410927164,clean_trailing
2018-06-14,0.2548511795378211,clean_trailing
2018-06-15,0.45853863381858906,clean_trailing
2018-06-19,-0.2226771510272279,clean_trailing
2018-06-20,0.2746860116408604,clean_trailing
2018-06-21,-0.41103167354560727,clean_trailing
2018-06-22,-0.11926902046758545,clean_trailing
2018-06-25,-0.5702526786559143,clean_trailing
2018-06-26,-0.18896491523345296,clean_trailing
2018-06-27,0.0045498453413738375,clean_trailing
2018-06-28,-0.20103583426651736,clean_trailing
2018-06-29,-0.18592085557330387,clean_trailing
2018-07-02,-0.27351719456072626,clean_trailing
2018-07-03,-0.12667716543190108,clean_trailing
2018-07-04,0.19878988938352887,clean_trailing
2018-07-05,-0.22098171484368465,clean_trailing
2018-07-06,-0.13832067281606078,clean_trailing
2018-07-09,-0.2163331755637801,clean_trailing
2018-07-10,0.3936245252306023,clean_trailing
2018-07-11,-0.20984807379272924,clean_trailing
2018-07-12,-0.04174988588450915,clean_trailing
2018-07-13,0.1522822616813153,clean_trailing
2018-07-16,-0.38654006009342773,clean_trailing
2018-07-17,0.11381483328416889,clean_trailing
2018-07-18,-0.04900210722894677,clean_trailing
2018-07-19,-0.20341100357668837,clean_trailing
2018-07-20,-0.03433403027372207,clean_trailing
2018-07-23,-0.07291447506837787,clean_trailing
2018-07-24,-0.12479739164744628,clean_trailing
2018-07-25,0.0263526441549195,clean_trailing
2018-07-26,0.06711991913829304,clean_trailing
2018-07-27,-0.021405317417254478,clean_trailing
2018-07-30,-0.4827541953669936,clean_trailing
2018-07-31,0.015599565925122084,clean_trailing
2018-08-01,0.22635648399348887,clean_trailing
2018-08-02,0.0025244731913954864,clean_trailing
2018-08-03,-0.011206686225008635,clean_trailing
2018-08-06,0.1307921866521975,clean_trailing
2018-08-07,0.27938523314064123,clean_trailing
2018-08-08,-0.48497838073949523,clean_trailing
2018-08-09,-0.22852492055264956,clean_trailing
2018-08-10,-0.2359780793118344,clean_trailing
2018-08-13,-0.07558489894022292,clean_trailing
2018-08-14,0.20344546934346172,clean_trailing
2018-08-15,-0.12775539550002715,clean_trailing
2018-08-16,0.005615919912615337,clean_trailing
2018-08-17,0.05351253782294174,clean_trailing
2018-08-20,-0.12569351186061284,clean_trailing
2018-08-21,-0.0014857732729790687,clean_trailing
2018-08-22,-0.11283445094981923,clean_trailing
2018-08-23,-0.1685560890534438,clean_trailing
2018-08-24,-0.14852344715754912,clean_trailing
2018-08-27,-0.06610931213801495,clean_trailing
2018-08-28,0.26202751844867433,clean_trailing
2018-08-29,-0.30082712009649165,clean_trailing
2018-08-30,0.10772478655879446,clean_trailing
2018-08-31,0.06981378146714037,clean_trailing
2018-09-03,0.1986113591583276,clean_trailing
2018-09-04,-0.1445088732127828,clean_trailing
2018-09-05,0.24725949337115455,clean_trailing
2018-09-06,-0.23546793771094063,clean_trailing
2018-09-07,-0.032114098455242976,clean_trailing
2018-09-10,0.04990225005527429,clean_trailing
2018-09-11,0.04347993593356438,clean_trailing
2018-09-12,0.12514106848357076,clean_trailing
2018-09-13,-0.04220251349124955,clean_trailing
2018-09-14,0.3390395499317221,clean_trailing
2018-09-17,-0.11046518819877993,clean_trailing
2018-09-18,-0.12407032373635708,clean_trailing
2018-09-19,-0.1933486732829193,clean_trailing
2018-09-20,-0.13145330859616575,clean_trailing
2018-09-21,-0.050414971122856,clean_trailing
2018-09-25,-0.09676890320679592,clean_trailing
2018-09-26,0.2306636160017872,clean_trailing
2018-09-27,-0.20299570806386474,clean_trailing
2018-09-28,-0.08290661719233147,clean_trailing
2018-10-08,-0.06770498394379806,clean_trailing
2018-10-09,-0.0680743201288104,clean_trailing
2018-10-10,0.37395291884198206,clean_trailing
2018-10-11,0.41837552237398495,clean_trailing
2018-10-12,0.1152271518597955,clean_trailing
2018-10-15,0.1719904759782053,clean_trailing
2018-10-16,-0.07939532010803872,clean_trailing
2018-10-17,0.08854669140383424,clean_trailing
2018-10-18,0.003735312306740878,clean_trailing
2018-10-19,-0.34951144094001235,clean_trailing
2018-10-22,-0.13467574111301586,clean_trailing
2018-10-23,0.12688691792251103,clean_trailing
2018-10-24,0.26074800766204825,clean_trailing
2018-10-25,-0.33097502754575664,clean_trailing
2018-10-26,0.012207829956242517,clean_trailing
2018-10-29,0.12884393581983616,clean_trailing
2018-10-30,-0.3406518653308247,clean_trailing
2018-10-31,-0.23688243153588617,clean_trailing
2018-11-01,-0.3919851576994434,clean_trailing
2018-11-02,-0.18575051059088576,clean_trailing
2018-11-05,-0.10153534346566852,clean_trailing
2018-11-06,-0.25799149280977685,clean_trailing
2018-11-07,0.00896877642230104,clean_trailing
2018-11-08,0.01777387475553093,clean_trailing
2018-11-09,-0.025231910946196662,clean_trailing
2018-11-12,0.2583505984722599,clean_trailing
2018-11-13,-0.07608009994521278,clean_trailing
2018-11-14,0.23958687664134026,clean_trailing
2018-11-15,0.2274519519144831,clean_trailing
2018-11-16,0.007620367277430954,clean_trailing
2018-11-19,-0.3985776128633271,clean_trailing
2018-11-20,0.2703791711496779,clean_trailing
2018-11-21,-0.03098516726084645,clean_trailing
2018-11-22,-0.47807050092764375,clean_trailing
2018-11-23,0.06050129146505708,clean_trailing
2018-11-26,0.06836755834157093,clean_trailing
2018-11-27,-0.1571044250727921,clean_trailing
2018-11-28,-0.46832616986427805,clean_trailing
2018-11-29,-0.13572136545022168,clean_trailing
2018-11-30,-0.04142251522133353,clean_trailing
2018-12-03,0.23413799958086445,clean_trailing
2018-12-04,-0.43435943594359433,clean_trailing
2018-12-05,-0.24117611761176116,clean_trailing
2018-12-06,0.08617751369414771,clean_trailing
2018-12-07,0.03908802606686079,clean_trailing
2018-12-10,-0.07417988125528352,clean_trailing
2018-12-11,-0.23369069881318388,clean_trailing
2018-12-12,0.11434778500629633,clean_trailing
2018-12-13,0.03266726672667267,clean_trailing
2018-12-14,-0.031266409786397636,clean_trailing
2018-12-17,-0.22578012522650553,clean_trailing
2018-12-18,-0.014863530943754096,clean_trailing
2018-12-19,-0.19169219083515512,clean_trailing
2018-12-20,-0.09138262138393648,clean_trailing
2018-12-21,-0.015410465702255637,clean_trailing
2018-12-24,0.08984567051889125,clean_trailing
2018-12-25,0.06114437661451593,clean_trailing
2018-12-26,0.1258094120322761,clean_trailing
2018-12-27,-0.12000680416034577,clean_trailing
2018-12-28,-0.13677074775856593,clean_trailing
2019-01-02,-0.36583295560951773,clean_trailing
2019-01-03,-0.20165739022881876,clean_trailing
2019-01-04,-0.08775054578898855,clean_trailing
2019-01-07,0.0974689509397378,clean_trailing
2019-01-08,-0.41861808785991594,clean_trailing
2019-01-09,-0.09457775416964899,clean_trailing
2019-01-10,-0.08589674257480194,clean_trailing
2019-01-11,0.2745064121529105,clean_trailing
2019-01-14,-0.1645880052317148,clean_trailing
2019-01-15,-0.12110829387996024,clean_trailing
2019-01-16,0.08223120473658337,clean_trailing
2019-01-17,-0.21948172470697722,clean_trailing
2019-01-18,-0.11406077267018895,clean_trailing
2019-01-21,0.118687778334473,clean_trailing
2019-01-22,0.2508125488844855,clean_trailing
2019-01-23,0.063221424044206,clean_trailing
2019-01-24,-0.026963956723748954,clean_trailing
2019-01-25,0.03623345491627157,clean_trailing
2019-01-28,0.006318198771458032,clean_trailing
2019-01-29,-0.007338291408625828,clean_trailing
2019-01-30,0.325690677088158,clean_trailing
2019-01-31,-0.4503077003997475,clean_trailing
2019-02-01,-0.38401530617484153,clean_trailing
2019-02-11,-0.2707141636327523,clean_trailing
2019-02-12,-0.03361046184816529,clean_trailing
2019-02-13,-0.22539017827596378,clean_trailing
2019-02-14,-0.5215984851924395,clean_trailing
2019-02-15,0.21746393027689048,clean_trailing
2019-02-18,-0.14067612282148043,clean_trailing
2019-02-19,-0.14215894216913824,clean_trailing
2019-02-20,-0.07489607511902906,clean_trailing
2019-02-21,0.30797136099050676,clean_trailing
2019-02-22,0.21111387385319635,clean_trailing
2019-02-25,-0.5037279577539148,clean_trailing
2019-02-26,-0.09768958671140605,clean_trailing
2019-02-27,-0.31151787712925155,clean_trailing
2019-02-28,0.18177395123556842,clean_trailing
2019-03-01,0.011861709847715578,clean_trailing
2019-03-04,0.12240953082263832,clean_trailing
2019-03-05,0.199853497759811,clean_trailing
2019-03-06,0.3419337337063127,clean_trailing
2019-03-07,-0.5014243081931633,clean_trailing
2019-03-08,0.4115901455767078,clean_trailing
2019-03-11,0.06849022415940252,clean_trailing
2019-03-12,-0.030053486132230734,clean_trailing
2019-03-13,-0.49996876962441955,clean_trailing
2019-03-14,0.032006206626930475,clean_trailing
2019-03-15,-0.1211734693877551,clean_trailing
2019-03-18,-0.0665437175988421,clean_trailing
2019-03-19,-0.047129678967680375,clean_trailing
2019-03-20,0.32763042033923057,clean_trailing
2019-03-21,-0.08915539075290527,clean_trailing
2019-03-22,-0.08743277184602757,clean_trailing
2019-03-25,-0.4386388814945905,clean_trailing
2019-03-26,-0.10473021865544001,clean_trailing
2019-03-27,-0.2455718174499271,clean_trailing
2019-03-28,-0.11868819692825583,clean_trailing
2019-03-29,0.12632810856301283,clean_trailing
2019-04-01,-0.07444472222607305,clean_trailing
2019-04-02,0.0737061158147937,clean_trailing
2019-04-03,-0.047352295295163986,clean_trailing
2019-04-04,-0.23527161560478738,clean_trailing
2019-04-08,0.04825660348488036,clean_trailing
2019-04-09,0.015326891873446125,clean_trailing
2019-04-10,-0.15332629894530195,clean_trailing
2019-04-11,-0.18833574885236243,clean_trailing
2019-04-12,-0.16081276659451932,clean_trailing
2019-04-15,0.10954519807385661,clean_trailing
2019-04-16,-0.004150488686571161,clean_trailing
2019-04-17,0.005782705439528565,clean_trailing
2019-04-18,-0.09182027448065942,clean_trailing
2019-04-19,-0.37008952948217344,clean_trailing
2019-04-22,-0.15740308411665885,clean_trailing
2019-04-23,0.19831787260358685,clean_trailing
2019-04-24,-0.20221397649969075,clean_trailing
2019-04-25,-0.16453456679618308,clean_trailing
2019-04-26,0.01574130450729554,clean_trailing
2019-04-29,-0.23685837971552257,clean_trailing
2019-04-30,-0.027281015498983093,clean_trailing
2019-05-06,-0.013688324439429004,clean_trailing
2019-05-07,-0.41548645295322084,clean_trailing
2019-05-08,-0.08185684138710833,clean_trailing
2019-05-09,-0.23789122021817158,clean_trailing
2019-05-10,0.07287901102334092,clean_trailing
2019-05-13,-0.08543886158024595,clean_trailing
2019-05-14,0.08290138923423164,clean_trailing
2019-05-15,-0.28164030373161447,clean_trailing
2019-05-16,0.3364191037239638,clean_trailing
2019-05-17,-0.12625559058646157,clean_trailing
2019-05-20,-0.044609783932317064,clean_trailing
2019-05-21,-0.04200855599971947,clean_trailing
2019-05-22,0.2510922413891691,clean_trailing
2019-05-23,-0.17934816677296472,clean_trailing
2019-05-24,-0.29189843125855325,clean_trailing
2019-05-27,0.023157188800805008,clean_trailing
2019-05-28,0.01718849158366745,clean_trailing
2019-05-29,0.16755919800479116,clean_trailing
2019-05-30,-0.07839198476915571,clean_trailing
2019-05-31,0.0378454368389252,clean_trailing
2019-06-03,0.07845625147451664,clean_trailing
2019-06-04,0.08835441908771574,clean_trailing
2019-06-05,0.025355677612602014,clean_trailing
2019-06-06,-0.06885536101287902,clean_trailing
2019-06-10,-0.17696690179055888,clean_trailing
2019-06-11,0.09328666965955477,clean_trailing
2019-06-12,-0.3226039047740176,clean_trailing
2019-06-13,-0.04071948488241882,clean_trailing
2019-06-14,-0.018594492465714898,clean_trailing
2019-06-17,-0.19670414917511594,clean_trailing
2019-06-18,-0.23371106351004453,clean_trailing
2019-06-19,-0.016103745981288154,clean_trailing
2019-06-20,-0.5492330923246815,clean_trailing
2019-06-21,0.036983520337933534,clean_trailing
2019-06-24,-0.16745899873653244,clean_trailing
2019-06-25,-0.27718815519391937,clean_trailing
2019-06-26,0.02992151068609611,clean_trailing
2019-06-27,0.2529290723802159,clean_trailing
2019-06-28,-0.16664333706606943,clean_trailing
2019-07-01,-0.14448520424272449,clean_trailing
2019-07-02,-0.24255319148936172,clean_trailing
2019-07-03,0.1753029868222599,clean_trailing
2019-07-04,-0.19283015285178484,clean_trailing
2019-07-05,-0.14500279955207168,clean_trailing
2019-07-08,0.004507436573188812,clean_trailing
2019-07-09,0.1876845980670726,clean_trailing
2019-07-10,0.10404600030199083,clean_trailing
2019-07-11,-0.12669100681603573,clean_trailing
2019-07-12,-0.04663225164043798,clean_trailing
2019-07-15,-0.4090603917903767,clean_trailing
2019-07-16,-0.040400507696252676,clean_trailing
2019-07-17,-0.13271323038025823,clean_trailing
2019-07-18,0.03470725012768546,clean_trailing
2019-07-19,0.2157412364978093,clean_trailing
2019-07-22,-0.13336787706019157,clean_trailing
2019-07-23,-0.28443313576163504,clean_trailing
2019-07-24,0.08536195892001489,clean_trailing
2019-07-25,0.13670999593330666,clean_trailing
2019-07-26,0.16605520271794802,clean_trailing
2019-07-29,-0.216574833128634,clean_trailing
2019-07-30,0.13052469699150684,clean_trailing
2019-07-31,0.10054740341175784,clean_trailing
2019-08-01,0.2726006305461464,clean_trailing
2019-08-02,-0.2172076413990444,clean_trailing
2019-08-05,0.30712978724760753,clean_trailing
2019-08-06,-0.13543680714124331,clean_trailing
2019-08-07,-0.11063466273050988,clean_trailing
2019-08-08,0.10904813238266219,clean_trailing
2019-08-09,-0.31721693226427283,clean_trailing
2019-08-12,0.03260186908772388,clean_trailing
2019-08-13,-0.09127747519673594,clean_trailing
2019-08-14,0.09389052215334322,clean_trailing
2019-08-15,-0.07499730695510626,clean_trailing
2019-08-16,-0.4156290444950238,clean_trailing
2019-08-19,0.051465084167960244,clean_trailing
2019-08-20,-0.1730500708061647,clean_trailing
2019-08-21,0.10511580025876294,clean_trailing
2019-08-22,0.2513292409788837,clean_trailing
2019-08-23,0.13179596872207916,clean_trailing
2019-08-26,-0.28608134043780176,clean_trailing
2019-08-27,0.027732255688468738,clean_trailing
2019-08-28,0.10780731580449428,clean_trailing
2019-08-29,-0.1600142812977333,clean_trailing
2019-08-30,-0.1613462629662924,clean_trailing
2019-09-02,0.04854684349622601,clean_trailing
2019-09-03,-0.2934934028711393,clean_trailing
2019-09-04,-0.060824768590749735,clean_trailing
2019-09-05,0.11186630898987358,clean_trailing
2019-09-06,0.18467041130754672,clean_trailing
2019-09-09,0.06554606949224423,clean_trailing
2019-09-10,-0.2193523299047376,clean_trailing
2019-09-11,-0.13770171987770305,clean_trailing
2019-09-12,-0.03896103896103896,clean_trailing
2019-09-16,-0.3626991565135894,clean_trailing
2019-09-17,-0.22958554579153545,clean_trailing
2019-09-18,0.22979616086087398,clean_trailing
2019-09-19,-0.006690520870787108,clean_trailing
2019-09-20,0.04450154129644507,clean_trailing
2019-09-23,-0.18985069017976156,clean_trailing
2019-09-24,-0.04050392415635419,clean_trailing
2019-09-25,-0.21728382074479274,clean_trailing
2019-09-26,-0.059948631812764226,clean_trailing
2019-09-27,0.044366861610215046,clean_trailing
2019-09-30,0.06692266232264367,clean_trailing
2019-10-08,0.0005918405024439264,clean_trailing
2019-10-09,-0.11786132261331708,clean_trailing
2019-10-10,0.22046300391800933,clean_trailing
2019-10-11,-0.2223734475956917,clean_trailing
2019-10-14,0.18773199491725545,clean_trailing
2019-10-15,-0.05749076229671118,clean_trailing
2019-10-16,-0.20781921689885555,clean_trailing
2019-10-17,0.05194105019571708,clean_trailing
2019-10-18,0.11093612911555224,clean_trailing
2019-10-21,-0.38624437529060657,clean_trailing
2019-10-22,-0.11783734744123435,clean_trailing
2019-10-23,0.09574048997277318,clean_trailing
2019-10-24,-0.2361443604751266,clean_trailing
2019-10-25,-0.4283708770885998,clean_trailing
2019-10-28,0.24576583210603828,clean_trailing
2019-10-29,0.09981548493630574,clean_trailing
2019-10-30,0.19037154602329381,clean_trailing
2019-10-31,0.1820611651978098,clean_trailing
2019-11-01,0.20590586768059072,clean_trailing
2019-11-04,0.17834706758024546,clean_trailing
2019-11-05,0.033831212394020295,clean_trailing
2019-11-06,-0.027331471898496284,clean_trailing
2019-11-07,-0.23052864340990378,clean_trailing
2019-11-08,0.4003392594151062,clean_trailing
2019-11-11,0.028339685698959727,clean_trailing
2019-11-12,0.09882396327885928,clean_trailing
2019-11-13,0.004474097470143831,clean_trailing
2019-11-14,-0.27956395389480315,clean_trailing
2019-11-15,-0.07603117778016105,clean_trailing
2019-11-18,-0.24952743506681707,clean_trailing
2019-11-19,-0.07357219641646509,clean_trailing
2019-11-20,-0.2371131319206322,clean_trailing
2019-11-21,-0.16975724968483358,clean_trailing
2019-11-22,-0.10914270211611503,clean_trailing
2019-11-25,0.04225504958405018,clean_trailing
2019-11-26,-0.11084954112878996,clean_trailing
2019-11-27,-0.19819651422011775,clean_trailing
2019-11-28,-0.17972680033117513,clean_trailing
2019-11-29,0.11319294529521673,clean_trailing
2019-12-02,-0.1375827061310998,clean_trailing
2019-12-03,0.022244733243193104,clean_trailing
2019-12-04,-0.2290554264569649,clean_trailing
2019-12-05,-0.08396243928004503,clean_trailing
2019-12-06,-0.02187044116287955,clean_trailing
2019-12-09,0.04193241046572065,clean_trailing
2019-12-10,-0.07182974743613155,clean_trailing
2019-12-11,-0.1379614168651709,clean_trailing
2019-12-12,-0.1946402272249106,clean_trailing
2019-12-13,-0.06970689179662991,clean_trailing
2019-12-16,-0.11063477267054453,clean_trailing
2019-12-17,0.04711484257759077,clean_trailing
2019-12-18,-0.22820912614010289,clean_trailing
2019-12-19,-0.1018360224538516,clean_trailing
2019-12-20,-0.08288186408584051,clean_trailing
2019-12-23,0.12152607318947517,clean_trailing
2019-12-24,-0.006382646383104167,clean_trailing
2019-12-25,0.1584761256927056,clean_trailing
2019-12-26,-0.3479233033700362,clean_trailing
2019-12-27,-0.007692636438493803,clean_trailing
2019-12-30,-0.23543307186952914,clean_trailing
2018-01-17,0.26635255214349196,attack_centered
2018-01-18,0.04464176053293442,attack_centered
2018-01-19,0.07857270945131219,attack_centered
2018-01-22,0.2596304660295034,attack_centered
2018-01-23,0.15989147730894535,attack_centered
2018-01-24,-0.02473323777671604,attack_centered
2018-01-25,0.36267994379128016,attack_centered
2018-01-26,0.24524996419680148,attack_centered
2018-01-29,0.009413076401593846,attack_centered
2018-01-30,0.4410272748867273,attack_centered
2018-01-31,0.5321866539257843,attack_centered
2018-02-01,0.24480110209264785,attack_centered
2018-02-02,0.3773672067393621,attack_centered
2018-02-05,0.555843276720829,attack_centered
2018-02-06,0.03407934903304734,attack_centered
2018-02-07,-0.1519555153187359,attack_centered
2018-02-08,0.28550724637681163,attack_centered
2018-02-09,0.22965440356744704,attack_centered
2018-02-12,0.021390459572488214,attack_centered
2018-02-13,0.14981285386360696,attack_centered
2018-02-14,-0.12331581462016246,attack_centered
2018-02-22,-0.024085638422330812,attack_centered
2018-02-23,0.23887561713648672,attack_centered
2018-02-26,0.6199652806213969,attack_centered
2018-02-27,0.3281827531592985,attack_centered
2018-02-28,0.4755798951118007,attack_centered
2018-03-01,0.2511310117248976,attack_centered
2018-03-02,0.20014488792135668,attack_centered
2018-03-05,-0.0645931908203998,attack_centered
2018-03-06,-0.021464602868871956,attack_centered
2018-03-07,0.17178546220209961,attack_centered
2018-03-08,0.20093123647720176,attack_centered
2018-03-09,0.21984339903136774,attack_centered
2018-03-12,-0.2205388243534345,attack_centered
2018-03-13,0.09323140627488455,attack_centered
2018-03-14,0.0389627496689636,attack_centered
2018-03-15,0.20146225125118628,attack_centered
2018-03-16,0.33680000037932306,attack_centered
2018-03-19,0.3001309185033918,attack_centered
2018-03-20,0.013171936013736228,attack_centered
2018-03-21,0.42142942498068864,attack_centered
2018-03-22,0.07583652302753426,attack_centered
2018-03-23,0.35955546530558274,attack_centered
2018-03-26,0.15424949582252953,attack_centered
2018-03-27,0.08067662674404247,attack_centered
2018-03-28,-0.10999341464700409,attack_centered
2018-03-29,0.08234190096706502,attack_centered
2018-03-30,0.1866987146524215,attack_centered
2018-04-02,0.3327077416965057,attack_centered
2018-04-03,0.11568635560911587,attack_centered
2018-04-04,0.3772775650448776,attack_centered
2018-04-09,-0.07477774125530498,attack_centered
2018-04-10,0.1380613299594736,attack_centered
2018-04-11,0.2581024910988835,attack_centered
2018-04-12,0.05975469218100604,attack_centered
2018-04-13,0.07845323226400701,attack_centered
2018-04-16,0.09090160764466247,attack_centered
2018-04-17,0.25650683431814364,attack_centered
2018-04-18,0.013718370755267521,attack_centered
2018-04-19,0.3562676720105575,attack_centered
2018-04-20,0.12609994815798103,attack_centered
2018-04-23,0.05937358521628184,attack_centered
2018-04-24,0.22777297608758282,attack_centered
2018-04-25,0.4230432052466624,attack_centered
2018-04-26,0.41117056340392216,attack_centered
2018-04-27,0.35873394827883487,attack_centered
2018-05-02,0.2850357663598413,attack_centered
2018-05-03,0.1569611062531287,attack_centered
2018-05-04,0.193217269621764,attack_centered
2018-05-07,0.12222267997783699,attack_centered
2018-05-08,0.340078206544381,attack_centered
2018-05-09,0.21589461477370997,attack_centered
2018-05-10,-0.19632077787824995,attack_centered
2018-05-11,0.20037829960668016,attack_centered
2018-05-14,0.07545907723647285,attack_centered
2018-05-15,0.21228292574069751,attack_centered
2018-05-16,-0.01518234228744985,attack_centered
2018-05-17,0.07501435537620493,attack_centered
2018-05-18,-0.038569424964936885,attack_centered
2018-05-21,0.0401710441963961,attack_centered
2018-05-22,0.2623600223964166,attack_centered
2018-05-23,0.07308263237858738,attack_centered
2018-05-24,0.3233947843931666,attack_centered
2018-05-25,0.3587486002239642,attack_centered
2018-05-28,0.2860372757482524,attack_centered
2018-05-29,0.30464725643896984,attack_centered
2018-05-30,0.38428185989128044,attack_centered
2018-05-31,0.060516553658422956,attack_centered
2018-06-01,0.30669818457459885,attack_centered
2018-06-04,-0.17873129891728362,attack_centered
2018-06-05,0.020426735754858046,attack_centered
2018-06-06,0.17866043520750072,attack_centered
2018-06-07,0.44823628219484885,attack_centered
2018-06-08,0.14891719777285217,attack_centered
2018-06-11,0.3269787407504922,attack_centered
2018-06-12,0.4741093313216444,attack_centered
2018-06-13,-0.040230126405486774,attack_centered
2018-06-14,0.2654215602745708,attack_centered
2018-06-15,0.5601903695408735,attack_centered
2018-06-19,0.2710465812117003,attack_centered
2018-06-20,0.3843168544146377,attack_centered
2018-06-21,-0.014109791817666945,attack_centered
2018-06-22,0.19111142851205248,attack_centered
2018-06-25,-0.15022722682594222,attack_centered
2018-06-26,0.16862419356032357,attack_centered
2018-06-27,0.283783969230144,attack_centered
2018-06-28,-0.22289744981009227,attack_centered
2018-06-29,0.034320880511074146,attack_centered
2018-07-02,-0.06231611060189956,attack_centered
2018-07-03,0.03380213163683661,attack_centered
2018-07-04,-0.1213579625965248,attack_centered
2018-07-05,0.0048724836509172085,attack_centered
2018-07-06,-0.07912108142225961,attack_centered
2018-07-09,0.025064766041846886,attack_centered
2018-07-10,-0.08786555859457183,attack_centered
2018-07-11,0.11686040395539657,attack_centered
2018-07-12,0.03125733991050595,attack_centered
2018-07-13,0.2977262870867857,attack_centered
2018-07-16,-0.013041119278568658,attack_centered
2018-07-17,0.18441906337621014,attack_centered
2018-07-18,0.35841819865303315,attack_centered
2018-07-19,0.333410200759631,attack_centered
2018-07-20,0.1667005792418596,attack_centered
2018-07-23,0.18137547476939772,attack_centered
2018-07-24,-0.049782089244909886,attack_centered
2018-07-25,0.24711228691254417,attack_centered
2018-07-26,0.29368513938548163,attack_centered
2018-07-27,0.23784590341833967,attack_centered
2018-07-30,-0.07133747016152926,attack_centered
2018-07-31,0.0689636462289745,attack_centered
2018-08-01,0.2214867064568638,attack_centered
2018-08-02,0.2961912820205575,attack_centered
2018-08-03,0.21638672954317525,attack_centered
2018-08-06,0.3753798155181769,attack_centered
2018-08-07,0.43383659576150657,attack_centered
2018-08-08,-0.4070267062899677,attack_centered
2018-08-09,-0.009919935684322256,attack_centered
2018-08-10,-0.027948878478835096,attack_centered
2018-08-13,0.04548123475465738,attack_centered
2018-08-14,0.04883757626762045,attack_centered
2018-08-15,0.29272686630537226,attack_centered
2018-08-16,0.02453983818825297,attack_centered
2018-08-17,0.28236119216606875,attack_centered
2018-08-20,0.24087805315416616,attack_centered
2018-08-21,0.32279172368339687,attack_centered
2018-08-22,0.09227444070537662,attack_centered
2018-08-23,0.05926011798715303,attack_centered
2018-08-24,-0.04546468852180618,attack_centered
2018-08-27,0.0979713902861094,attack_centered
2018-08-28,0.23269205388087208,attack_centered
2018-08-29,0.20573552572011827,attack_centered
2018-08-30,0.31348729178727563,attack_centered
2018-08-31,0.34789788832733554,attack_centered
2018-09-03,0.33556387040997626,attack_centered
2018-09-04,0.18860293321961907,attack_centered
2018-09-05,0.22769978665251686,attack_centered
2018-09-06,0.0860573254658341,attack_centered
2018-09-07,0.40534824181507284,attack_centered
2018-09-10,0.015450061567136842,attack_centered
2018-09-11,0.05494153138829822,attack_centered
2018-09-12,0.11984662030466087,attack_centered
2018-09-13,0.34611911749045526,attack_centered
2018-09-14,0.4044404590820105,attack_centered
2018-09-17,-0.06227658969665848,attack_centered
2018-09-18,-0.11418057061300538,attack_centered
2018-09-19,0.2265991280850361,attack_centered
2018-09-20,0.08719851576994435,attack_centered
2018-09-21,0.057724894560934485,attack_centered
2018-09-25,0.22614957158963916,attack_centered
2018-09-26,0.5888552178990283,attack_centered
2018-09-27,0.10081757350893013,attack_centered
2018-09-28,-0.06784168212739641,attack_centered
2018-10-08,0.09805037506642492,attack_centered
2018-10-09,0.20584407217281075,attack_centered
2018-10-10,0.5910284200041243,attack_centered
2018-10-11,0.5048536513112604,attack_centered
2018-10-12,0.29301537436223224,attack_centered
2018-10-15,0.28878443997850756,attack_centered
2018-10-16,0.10118016876965547,attack_centered
2018-10-17,0.1865182436611008,attack_centered
2018-10-18,-0.006431663574520717,attack_centered
2018-10-19,0.16742115027829316,attack_centered
2018-10-22,0.35446615481355237,attack_centered
2018-10-23,0.340584037321798,attack_centered
2018-10-24,0.4137314717323205,attack_centered
2018-10-25,-0.1490309094846153,attack_centered
2018-10-26,0.1759622014918786,attack_centered
2018-10-29,0.1048673619898705,attack_centered
2018-10-30,0.1540726083718501,attack_centered
2018-10-31,-0.019219230465610835,attack_centered
2018-11-01,-0.04408163265306122,attack_centered
2018-11-02,0.5656255808949873,attack_centered
2018-11-05,0.27133826646631437,attack_centered
2018-11-06,-0.09015785181479997,attack_centered
2018-11-07,0.1661512222454142,attack_centered
2018-11-08,0.328130218085929,attack_centered
2018-11-09,0.3948670377241806,attack_centered
2018-11-12,0.38378428541184845,attack_centered
2018-11-13,0.09683484026517165,attack_centered
2018-11-14,0.4225795481163175,attack_centered
2018-11-15,0.4112380770304278,attack_centered
2018-11-16,-0.05680637424993984,attack_centered
2018-11-19,-0.38813081308130815,attack_centered
2018-11-20,0.4051751288702516,attack_centered
2018-11-21,0.13078604084055656,attack_centered
2018-11-22,-0.28469246924692465,attack_centered
2018-11-23,0.10067663926614333,attack_centered
2018-11-26,0.22736941905118552,attack_centered
2018-11-27,0.18708032052586546,attack_centered
2018-11-28,-0.11445887970587496,attack_centered
2018-11-29,0.3922564634030828,attack_centered
2018-11-30,0.18946951536093487,attack_centered
2018-12-03,0.0045129251745433824,attack_centered
2018-12-04,0.29399339933993396,attack_centered
2018-12-05,0.2018001800180018,attack_centered
2018-12-06,0.25444943703338935,attack_centered
2018-12-07,0.449284276282479,attack_centered
2018-12-10,-0.07282351773071281,attack_centered
2018-12-11,0.10909007779976533,attack_centered
2018-12-12,0.15176704983897743,attack_centered
2018-12-13,0.18554112554112553,attack_centered
2018-12-14,0.2277117202892053,attack_centered
2018-12-17,0.3281217150192733,attack_centered
2018-12-18,0.354119833396354,attack_centered
2018-12-19,0.05335313408891931,attack_centered
2018-12-20,0.06745005888340548,attack_centered
2018-12-21,0.0926340529942827,attack_centered
2018-12-24,0.3545094449907022,attack_centered
2018-12-25,0.15883183036780246,attack_centered
2018-12-26,0.1832041942095934,attack_centered
2018-12-27,-0.037035548281819854,attack_centered
2018-12-28,0.3070661632473882,attack_centered
2019-01-02,-0.09963031291711552,attack_centered
2019-01-03,0.294582560296846,attack_centered
2019-01-04,0.30234945613347397,attack_centered
2019-01-07,0.06331422550719845,attack_centered
2019-01-08,-0.07844789354208913,attack_centered
2019-01-09,0.2862697968489021,attack_centered
2019-01-10,0.1272257175645129,attack_centered
2019-01-11,0.10554071370426443,attack_centered
2019-01-14,0.12179951169835744,attack_centered
2019-01-15,-0.10937968257174589,attack_centered
2019-01-16,0.22531602664609465,attack_centered
2019-01-17,0.3341197030490935,attack_centered
2019-01-18,0.17018427705432002,attack_centered
2019-01-21,0.0017752004497270397,attack_centered
2019-01-22,0.10324742415245633,attack_centered
2019-01-23,0.2449388079574743,attack_centered
2019-01-24,0.41889457371300676,attack_centered
2019-01-25,0.1702455944350314,attack_centered
2019-01-28,0.20796501082360197,attack_centered
2019-01-29,-0.039407453689588395,attack_centered
2019-01-30,0.4129776403296154,attack_centered
2019-01-31,-0.13972036799724574,attack_centered
2019-02-01,-0.029990723532733184,attack_centered
2019-02-11,-0.002186844504694926,attack_centered
2019-02-12,0.24946826171849285,attack_centered
2019-02-13,-0.024040216231785847,attack_centered
2019-02-14,-0.16275461229331978,attack_centered
2019-02-15,0.3628234799074268,attack_centered
2019-02-18,0.03746695395931528,attack_centered
2019-02-19,0.031371956138361676,attack_centered
2019-02-20,0.04882829724380111,attack_centered
2019-02-21,0.5746066196418882,attack_centered
2019-02-22,0.38271839392295165,attack_centered
2019-02-25,0.12360449817331147,attack_centered
2019-02-26,0.017752179574693525,attack_centered
2019-02-27,-0.11111549437493354,attack_centered
2019-02-28,-0.06564296774101765,attack_centered
2019-03-01,0.23526008105602683,attack_centered
2019-03-04,0.46397012413212696,attack_centered
2019-03-05,0.4019356450963572,attack_centered
2019-03-06,0.4406572383389982,attack_centered
2019-03-07,-0.40090469177361665,attack_centered
2019-03-08,0.43856511676835674,attack_centered
2019-03-11,0.22070181006664666,attack_centered
2019-03-12,0.13237078020131293,attack_centered
2019-03-13,-0.1113905408121315,attack_centered
2019-03-14,0.19750748707333432,attack_centered
2019-03-15,-0.0027614138438880704,attack_centered
2019-03-18,0.1486105769080751,attack_centered
2019-03-19,0.15869446589898628,attack_centered
2019-03-20,0.18105545585737037,attack_centered
2019-03-21,0.34587209193934415,attack_centered
2019-03-22,-0.023328466596731,attack_centered
2019-03-25,-0.18636454923157392,attack_centered
2019-03-26,0.2532979684947682,attack_centered
2019-03-27,0.22945290635412738,attack_centered
2019-03-28,0.11077533168843919,attack_centered
2019-03-29,0.21105011826661307,attack_centered
2019-04-01,0.27468295569066653,attack_centered
2019-04-02,0.2683949288678352,attack_centered
2019-04-03,0.1986840679294693,attack_centered
2019-04-04,0.029437320461861392,attack_centered
2019-04-08,0.07713048855905998,attack_centered
2019-04-09,0.23502237174624338,attack_centered
2019-04-10,0.22549722621531498,attack_centered
2019-04-11,-0.007694591634029307,attack_centered
2019-04-12,0.15368333136831067,attack_centered
2019-04-15,0.2414487819495183,attack_centered
2019-04-16,0.07257298420774119,attack_centered
2019-04-17,0.193545302125434,attack_centered
2019-04-18,0.12196583782657691,attack_centered
2019-04-19,-0.003271026567964473,attack_centered
2019-04-22,0.24355349270279344,attack_centered
2019-04-23,0.08685423560239465,attack_centered
2019-04-24,0.1654138693903053,attack_centered
2019-04-25,-0.16813676892118187,attack_centered
2019-04-26,0.3551006225770918,attack_centered
2019-04-29,0.152752009894867,attack_centered
2019-04-30,0.5750817665397929,attack_centered
2019-05-06,0.215819036143042,attack_centered
2019-05-07,-0.19869150494297477,attack_centered
2019-05-08,0.10707887305058682,attack_centered
2019-05-09,-0.14619713864927414,attack_centered
2019-05-10,0.14492162844519252,attack_centered
2019-05-13,0.1610035766884073,attack_centered
2019-05-14,-0.12430307174416157,attack_centered
2019-05-15,0.0315721649484536,attack_centered
2019-05-16,0.3639232637759884,attack_centered
2019-05-17,0.004749806341812547,attack_centered
2019-05-20,-8.288226255825667e-05,attack_centered
2019-05-21,0.05730989677970531,attack_centered
2019-05-22,0.2963050332023331,attack_centered
2019-05-23,0.09408186551718481,attack_centered
2019-05-24,-0.0851612203173891,attack_centered
2019-05-27,0.13249228481183647,attack_centered
2019-05-28,0.14843053234188827,attack_centered
2019-05-29,0.288123908610067,attack_centered
2019-05-30,0.1529705046595898,attack_centered
2019-05-31,0.38213319615714164,attack_centered
2019-06-03,0.17052129664103385,attack_centered
2019-06-04,0.27065883792616446,attack_centered
2019-06-05,0.2894422188445675,attack_centered
2019-06-06,0.011862918986166284,attack_centered
2019-06-10,0.016349384098544233,attack_centered
2019-06-11,0.1480143899135759,attack_centered
2019-06-12,-0.08144194653805102,attack_centered
2019-06-13,0.3908734602463606,attack_centered
2019-06-14,0.09781711172099718,attack_centered
2019-06-17,0.3210615043161126,attack_centered
2019-06-18,-0.06003723456963562,attack_centered
2019-06-19,0.39223124300111983,attack_centered
2019-06-20,0.07372723583079291,attack_centered
2019-06-21,0.2030123602153009,attack_centered
2019-06-24,0.2344426948067274,attack_centered
2019-06-25,0.10833952217881702,attack_centered
2019-06-26,0.03307852822624693,attack_centered
2019-06-27,0.10862414088607424,attack_centered
2019-06-28,0.28594624860022394,attack_centered
2019-07-01,0.13560888452471215,attack_centered
2019-07-02,0.1361562150055991,attack_centered
2019-07-03,0.08746938226931364,attack_centered
2019-07-04,0.14285115390276376,attack_centered
2019-07-05,0.13036114221724523,attack_centered
2019-07-08,0.06948731412828962,attack_centered
2019-07-09,0.07035123016637804,attack_centered
2019-07-10,0.25478373118667097,attack_centered
2019-07-11,0.18080786810384591,attack_centered
2019-07-12,0.18458230575559642,attack_centered
2019-07-15,-0.055263231433858216,attack_centered
2019-07-16,-0.028979980682882562,attack_centered
2019-07-17,0.2791355990030026,attack_centered
2019-07-18,0.1547433085288735,attack_centered
2019-07-19,0.3994172720830502,attack_centered
2019-07-22,0.06294362084627643,attack_centered
2019-07-23,0.06476313130219041,attack_centered
2019-07-24,0.31465304793676163,attack_centered
2019-07-25,0.0793229704272936,attack_centered
2019-07-26,0.2392076354858569,attack_centered
2019-07-29,0.018994000255390907,attack_centered
2019-07-30,0.37239330340902366,attack_centered
2019-07-31,0.0635204028656181,attack_centered
2019-08-01,0.34927971896625315,attack_centered
2019-08-02,-0.046559524365061555,attack_centered
2019-08-05,0.49520876766826694,attack_centered
2019-08-06,0.07446313743225881,attack_centered
2019-08-07,0.21885271908819612,attack_centered
2019-08-08,0.1645317813327836,attack_centered
2019-08-09,0.06423395824665962,attack_centered
2019-08-12,0.2286084123610726,attack_centered
2019-08-13,-0.05966620073541532,attack_centered
2019-08-14,0.17484008449083602,attack_centered
2019-08-15,0.15482430011735976,attack_centered
2019-08-16,0.10719226772245916,attack_centered
2019-08-19,0.0847056089075786,attack_centered
2019-08-20,-0.026836437420255224,attack_centered
2019-08-21,0.40822382110079014,attack_centered
2019-08-22,0.009096332427306805,attack_centered
2019-08-23,0.15599766653888508,attack_centered
2019-08-26,0.47712101606077195,attack_centered
2019-08-27,0.2601756183824357,attack_centered
2019-08-28,0.29178707275275445,attack_centered
2019-08-29,-0.20156392952537402,attack_centered
2019-08-30,0.29608731965138446,attack_centered
2019-09-02,0.35661292130229827,attack_centered
2019-09-03,-0.014619202606410968,attack_centered
2019-09-04,0.044113896633060534,attack_centered
2019-09-05,0.2457743295886382,attack_centered
2019-09-06,0.3010513430530312,attack_centered
2019-09-09,0.15094279705719552,attack_centered
2019-09-10,0.08606915389309226,attack_centered
2019-09-11,0.09214523381701005,attack_centered
2019-09-12,-0.034320429202608874,attack_centered
2019-09-16,0.3608641910372396,attack_centered
2019-09-17,0.22698149194856154,attack_centered
2019-09-18,0.04934050482109628,attack_centered
2019-09-19,0.17541899337550568,attack_centered
2019-09-20,-0.052986446016111896,attack_centered
2019-09-23,0.04210915266017722,attack_centered
2019-09-24,0.2588365243004418,attack_centered
2019-09-25,0.4983826004628655,attack_centered
2019-09-26,-0.18395079462090708,attack_centered
2019-09-27,0.38565243547847866,attack_centered
2019-09-30,0.2637849643407171,attack_centered
2019-10-08,0.11477760144062546,attack_centered
2019-10-09,0.14748773785908337,attack_centered
2019-10-10,0.1479142231660053,attack_centered
2019-10-11,-0.12145360350041741,attack_centered
2019-10-14,0.43090903996208707,attack_centered
2019-10-15,0.07070627375787192,attack_centered
2019-10-16,-0.04159316398419661,attack_centered
2019-10-17,0.1551890775547365,attack_centered
2019-10-18,0.0927877365827936,attack_centered
2019-10-21,0.15856389468523652,attack_centered
2019-10-22,-0.03977881665101372,attack_centered
2019-10-23,0.11707754338522687,attack_centered
2019-10-24,-0.019249740958208847,attack_centered
2019-10-25,-0.04115637674911039,attack_centered
2019-10-28,0.4191694719124763,attack_centered
2019-10-29,0.3304574325423576,attack_centered
2019-10-30,0.4474469736208122,attack_centered
2019-10-31,0.12358944892145723,attack_centered
2019-11-01,0.48735583050133935,attack_centered
2019-11-04,0.2790587660877068,attack_centered
2019-11-05,0.2692688333401615,attack_centered
2019-11-06,0.17897705791595953,attack_centered
2019-11-07,-0.004558042294285984,attack_centered
2019-11-08,0.3555073250135649,attack_centered
2019-11-11,0.02284248820176764,attack_centered
2019-11-12,0.12808085694541332,attack_centered
2019-11-13,0.0376026711744162,attack_centered
2019-11-14,0.002211098902792995,attack_centered
2019-11-15,0.05586621563455798,attack_centered
2019-11-18,0.02414272611628774,attack_centered
2019-11-19,-0.041447643092886136,attack_centered
2019-11-20,0.45525933313667555,attack_centered
2019-11-21,0.28226444571733655,attack_centered
2019-11-22,0.0469440353460972,attack_centered
2019-11-25,0.11751942878447114,attack_centered
2019-11-26,-0.0470819595216321,attack_centered
2019-11-27,0.06942090635769806,attack_centered
2019-11-28,0.2351247300451541,attack_centered
2019-11-29,0.1800557548416936,attack_centered
2019-12-02,0.1024504491448505,attack_centered
2019-12-03,-0.04006946035409001,attack_centered
2019-12-04,0.0319462351208066,attack_centered
2019-12-05,0.140936951648647,attack_centered
2019-12-06,0.07796772797235942,attack_centered
2019-12-09,0.19723603894640146,attack_centered
2019-12-10,0.13247495803847015,attack_centered
2019-12-11,0.11395762556717075,attack_centered
2019-12-12,0.05350568062276457,attack_centered
2019-12-13,0.15586413666580914,attack_centered
2019-12-16,0.23748939792307694,attack_centered
2019-12-17,0.06443105984542948,attack_centered
2018-01-31,0.45875808257775536,repaired_causal_delay
2018-02-01,0.23578166789303381,repaired_causal_delay
2018-02-02,0.4159243188680205,repaired_causal_delay
2018-02-05,0.5090477526754505,repaired_causal_delay
2018-02-06,-0.2973321662689575,repaired_causal_delay
2018-02-07,-0.7683504305585881,repaired_causal_delay
2018-02-08,-0.12298136645962733,repaired_causal_delay
2018-02-09,-0.3662685140946011,repaired_causal_delay
2018-02-12,-0.07769371689843448,repaired_causal_delay
2018-02-13,-0.011005813525382989,repaired_causal_delay
2018-02-14,-0.11831501831501832,repaired_causal_delay
2018-02-22,-0.03878871002538063,repaired_causal_delay
2018-02-23,-0.3158942506768594,repaired_causal_delay
2018-02-26,-0.11280478408293988,repaired_causal_delay
2018-02-27,-0.25639366087566323,repaired_causal_delay
2018-02-28,-0.19941463608313453,repaired_causal_delay
2018-03-01,0.07013827114650963,repaired_causal_delay
2018-03-02,0.038512383653221516,repaired_causal_delay
2018-03-05,-0.28502946329033285,repaired_causal_delay
2018-03-06,-0.047203584331033124,repaired_causal_delay
2018-03-07,-0.08054033588842895,repaired_causal_delay
2018-03-08,-0.08034918002793426,repaired_causal_delay
2018-03-09,0.1896954013050582,repaired_causal_delay
2018-03-12,-0.09372660817573718,repaired_causal_delay
2018-03-13,-0.24861541891986724,repaired_causal_delay
2018-03-14,-0.24829179022748973,repaired_causal_delay
2018-03-15,0.13967121540145275,repaired_causal_delay
2018-03-16,0.1602239080961063,repaired_causal_delay
2018-03-19,0.13292066929584612,repaired_causal_delay
2018-03-20,-0.1444718063831256,repaired_causal_delay
2018-03-21,0.2756287351121998,repaired_causal_delay
2018-03-22,-0.09734445078063592,repaired_causal_delay
2018-03-23,0.12632130736833444,repaired_causal_delay
2018-03-26,0.12522694696607742,repaired_causal_delay
2018-03-27,0.05728279211425279,repaired_causal_delay
2018-03-28,-0.4024019822248778,repaired_causal_delay
2018-03-29,0.08241727064194036,repaired_causal_delay
2018-03-30,0.011499878702345824,repaired_causal_delay
2018-04-02,0.0161748363995555,repaired_causal_delay
2018-04-03,0.03073982648913049,repaired_causal_delay
2018-04-04,0.10532946096107015,repaired_causal_delay
2018-04-09,-0.38895291438938356,repaired_causal_delay
2018-04-10,0.055311792737326525,repaired_causal_delay
2018-04-11,0.007351306878171243,repaired_causal_delay
2018-04-12,-0.41673526541719674,repaired_causal_delay
2018-04-13,-0.0042392762779137165,repaired_causal_delay
2018-04-16,-0.15963550457782663,repaired_causal_delay
2018-04-17,0.20756557421081348,repaired_causal_delay
2018-04-18,-0.053096982235436685,repaired_causal_delay
2018-04-19,0.04236754483118087,repaired_causal_delay
2018-04-20,0.025345110018827836,repaired_causal_delay
2018-04-23,0.01085730748652097,repaired_causal_delay
2018-04-24,0.04602214265135613,repaired_causal_delay
2018-04-25,-0.04083396835759634,repaired_causal_delay
2018-04-26,-0.028819558799518138,repaired_causal_delay
2018-04-27,-0.1375370432511708,repaired_causal_delay
2018-05-02,0.05800811636982129,repaired_causal_delay
2018-05-03,-0.08284127015059665,repaired_causal_delay
2018-05-04,-0.09210190558505166,repaired_causal_delay
2018-05-07,0.00563902039366999,repaired_causal_delay
2018-05-08,0.24586952131057166,repaired_causal_delay
2018-05-09,-0.016234795484108864,repaired_causal_delay
2018-05-10,-0.17436615095441108,repaired_causal_delay
2018-05-11,0.08239241034734357,repaired_causal_delay
2018-05-14,-0.18401751687914786,repaired_causal_delay
2018-05-15,-0.016816960188479217,repaired_causal_delay
2018-05-16,-0.05766381302217211,repaired_causal_delay
2018-05-17,-0.050520683439347056,repaired_causal_delay
2018-05-18,-0.3308145038482117,repaired_causal_delay
2018-05-21,-0.12902509049643796,repaired_causal_delay
2018-05-22,0.10127176194591925,repaired_causal_delay
2018-05-23,-0.057134893536499344,repaired_causal_delay
2018-05-24,0.1314561467939736,repaired_causal_delay
2018-05-25,0.14894091415830546,repaired_causal_delay
2018-05-28,0.07382336568762685,repaired_causal_delay
2018-05-29,0.15469383351571286,repaired_causal_delay
2018-05-30,0.34034469870903933,repaired_causal_delay
2018-05-31,-0.30159292876174454,repaired_causal_delay
2018-06-01,0.13687907167098046,repaired_causal_delay
2018-06-04,-0.165661269892653,repaired_causal_delay
2018-06-05,-0.1728642264326472,repaired_causal_delay
2018-06-06,-0.034147229956202035,repaired_causal_delay
2018-06-07,0.36230403135498324,repaired_causal_delay
2018-06-08,0.1002748814911578,repaired_causal_delay
2018-06-11,0.18881092100708105,repaired_causal_delay
2018-06-12,0.1749842518460067,repaired_causal_delay
2018-06-13,-0.1175268410927164,repaired_causal_delay
2018-06-14,0.2548511795378211,repaired_causal_delay
2018-06-15,0.45853863381858906,repaired_causal_delay
2018-06-19,-0.2226771510272279,repaired_causal_delay
2018-06-20,0.2746860116408604,repaired_causal_delay
2018-06-21,-0.41103167354560727,repaired_causal_delay
2018-06-22,-0.11926902046758545,repaired_causal_delay
2018-06-25,-0.5702526786559143,repaired_causal_delay
2018-06-26,-0.18896491523345296,repaired_causal_delay
2018-06-27,0.0045498453413738375,repaired_causal_delay
2018-06-28,-0.20103583426651736,repaired_causal_delay
2018-06-29,-0.18592085557330387,repaired_causal_delay
2018-07-02,-0.27351719456072626,repaired_causal_delay
2018-07-03,-0.12667716543190108,repaired_causal_delay
2018-07-04,0.19878988938352887,repaired_causal_delay
2018-07-05,-0.22098171484368465,repaired_causal_delay
2018-07-06,-0.13832067281606078,repaired_causal_delay
2018-07-09,-0.2163331755637801,repaired_causal_delay
2018-07-10,0.3936245252306023,repaired_causal_delay
2018-07-11,-0.20984807379272924,repaired_causal_delay
2018-07-12,-0.04174988588450915,repaired_causal_delay
2018-07-13,0.1522822616813153,repaired_causal_delay
2018-07-16,-0.38654006009342773,repaired_causal_delay
2018-07-17,0.11381483328416889,repaired_causal_delay
2018-07-18,-0.04900210722894677,repaired_causal_delay
2018-07-19,-0.20341100357668837,repaired_causal_delay
2018-07-20,-0.03433403027372207,repaired_causal_delay
2018-07-23,-0.07291447506837787,repaired_causal_delay
2018-07-24,-0.12479739164744628,repaired_causal_delay
2018-07-25,0.0263526441549195,repaired_causal_delay
2018-07-26,0.06711991913829304,repaired_causal_delay
2018-07-27,-0.021405317417254478,repaired_causal_delay
2018-07-30,-0.4827541953669936,repaired_causal_delay
2018-07-31,0.015599565925122084,repaired_causal_delay
2018-08-01,0.22635648399348887,repaired_causal_delay
2018-08-02,0.0025244731913954864,repaired_causal_delay
2018-08-03,-0.011206686225008635,repaired_causal_delay
2018-08-06,0.1307921866521975,repaired_causal_delay
2018-08-07,0.27938523314064123,repaired_causal_delay
2018-08-08,-0.48497838073949523,repaired_causal_delay
2018-08-09,-0.22852492055264956,repaired_causal_delay
2018-08-10,-0.2359780793118344,repaired_causal_delay
2018-08-13,-0.07558489894022292,repaired_causal_delay
2018-08-14,0.20344546934346172,repaired_causal_delay
2018-08-15,-0.12775539550002715,repaired_causal_delay
2018-08-16,0.005615919912615337,repaired_causal_delay
2018-08-17,0.05351253782294174,repaired_causal_delay
2018-08-20,-0.12569351186061284,repaired_causal_delay
2018-08-21,-0.0014857732729790687,repaired_causal_delay
2018-08-22,-0.11283445094981923,repaired_causal_delay
2018-08-23,-0.1685560890534438,repaired_causal_delay
2018-08-24,-0.14852344715754912,repaired_causal_delay
2018-08-27,-0.06610931213801495,repaired_causal_delay
2018-08-28,0.26202751844867433,repaired_causal_delay
2018-08-29,-0.30082712009649165,repaired_causal_delay
2018-08-30,0.10772478655879446,repaired_causal_delay
2018-08-31,0.06981378146714037,repaired_causal_delay
2018-09-03,0.1986113591583276,repaired_causal_delay
2018-09-04,-0.1445088732127828,repaired_causal_delay
2018-09-05,0.24725949337115455,repaired_causal_delay
2018-09-06,-0.23546793771094063,repaired_causal_delay
2018-09-07,-0.032114098455242976,repaired_causal_delay
2018-09-10,0.04990225005527429,repaired_causal_delay
2018-09-11,0.04347993593356438,repaired_causal_delay
2018-09-12,0.12514106848357076,repaired_causal_delay
2018-09-13,-0.04220251349124955,repaired_causal_delay
2018-09-14,0.3390395499317221,repaired_causal_delay
2018-09-17,-0.11046518819877993,repaired_causal_delay
2018-09-18,-0.12407032373635708,repaired_causal_delay
2018-09-19,-0.1933486732829193,repaired_causal_delay
2018-09-20,-0.13145330859616575,repaired_causal_delay
2018-09-21,-0.050414971122856,repaired_causal_delay
2018-09-25,-0.09676890320679592,repaired_causal_delay
2018-09-26,0.2306636160017872,repaired_causal_delay
2018-09-27,-0.20299570806386474,repaired_causal_delay
2018-09-28,-0.08290661719233147,repaired_causal_delay
2018-10-08,-0.06770498394379806,repaired_causal_delay
2018-10-09,-0.0680743201288104,repaired_causal_delay
2018-10-10,0.37395291884198206,repaired_causal_delay
2018-10-11,0.41837552237398495,repaired_causal_delay
2018-10-12,0.1152271518597955,repaired_causal_delay
2018-10-15,0.1719904759782053,repaired_causal_delay
2018-10-16,-0.07939532010803872,repaired_causal_delay
2018-10-17,0.08854669140383424,repaired_causal_delay
2018-10-18,0.003735312306740878,repaired_causal_delay
2018-10-19,-0.34951144094001235,repaired_causal_delay
2018-10-22,-0.13467574111301586,repaired_causal_delay
2018-10-23,0.12688691792251103,repaired_causal_delay
2018-10-24,0.26074800766204825,repaired_causal_delay
2018-10-25,-0.33097502754575664,repaired_causal_delay
2018-10-26,0.012207829956242517,repaired_causal_delay
2018-10-29,0.12884393581983616,repaired_causal_delay
2018-10-30,-0.3406518653308247,repaired_causal_delay
2018-10-31,-0.23688243153588617,repaired_causal_delay
2018-11-01,-0.3919851576994434,repaired_causal_delay
2018-11-02,-0.18575051059088576,repaired_causal_delay
2018-11-05,-0.10153534346566852,repaired_causal_delay
2018-11-06,-0.25799149280977685,repaired_causal_delay
2018-11-07,0.00896877642230104,repaired_causal_delay
2018-11-08,0.01777387475553093,repaired_causal_delay
2018-11-09,-0.025231910946196662,repaired_causal_delay
2018-11-12,0.2583505984722599,repaired_causal_delay
2018-11-13,-0.07608009994521278,repaired_causal_delay
2018-11-14,0.23958687664134026,repaired_causal_delay
2018-11-15,0.2274519519144831,repaired_causal_delay
2018-11-16,0.007620367277430954,repaired_causal_delay
2018-11-19,-0.3985776128633271,repaired_causal_delay
2018-11-20,0.2703791711496779,repaired_causal_delay
2018-11-21,-0.03098516726084645,repaired_causal_delay
2018-11-22,-0.47807050092764375,repaired_causal_delay
2018-11-23,0.06050129146505708,repaired_causal_delay
2018-11-26,0.06836755834157093,repaired_causal_delay
2018-11-27,-0.1571044250727921,repaired_causal_delay
2018-11-28,-0.46832616986427805,repaired_causal_delay
2018-11-29,-0.13572136545022168,repaired_causal_delay
2018-11-30,-0.04142251522133353,repaired_causal_delay
2018-12-03,0.23413799958086445,repaired_causal_delay
2018-12-04,-0.43435943594359433,repaired_causal_delay
2018-12-05,-0.24117611761176116,repaired_causal_delay
2018-12-06,0.08617751369414771,repaired_causal_delay
2018-12-07,0.03908802606686079,repaired_causal_delay
2018-12-10,-0.07417988125528352,repaired_causal_delay
2018-12-11,-0.23369069881318388,repaired_causal_delay
2018-12-12,0.11434778500629633,repaired_causal_delay
2018-12-13,0.03266726672667267,repaired_causal_delay
2018-12-14,-0.031266409786397636,repaired_causal_delay
2018-12-17,-0.22578012522650553,repaired_causal_delay
2018-12-18,-0.014863530943754096,repaired_causal_delay
2018-12-19,-0.19169219083515512,repaired_causal_delay
2018-12-20,-0.09138262138393648,repaired_causal_delay
2018-12-21,-0.015410465702255637,repaired_causal_delay
2018-12-24,0.08984567051889125,repaired_causal_delay
2018-12-25,0.06114437661451593,repaired_causal_delay
2018-12-26,0.1258094120322761,repaired_causal_delay
2018-12-27,-0.12000680416034577,repaired_causal_delay
2018-12-28,-0.13677074775856593,repaired_causal_delay
2019-01-02,-0.36583295560951773,repaired_causal_delay
2019-01-03,-0.20165739022881876,repaired_causal_delay
2019-01-04,-0.08775054578898855,repaired_causal_delay
2019-01-07,0.0974689509397378,repaired_causal_delay
2019-01-08,-0.41861808785991594,repaired_causal_delay
2019-01-09,-0.09457775416964899,repaired_causal_delay
2019-01-10,-0.08589674257480194,repaired_causal_delay
2019-01-11,0.2745064121529105,repaired_causal_delay
2019-01-14,-0.1645880052317148,repaired_causal_delay
2019-01-15,-0.12110829387996024,repaired_causal_delay
2019-01-16,0.08223120473658337,repaired_causal_delay
2019-01-17,-0.21948172470697722,repaired_causal_delay
2019-01-18,-0.11406077267018895,repaired_causal_delay
2019-01-21,0.118687778334473,repaired_causal_delay
2019-01-22,0.2508125488844855,repaired_causal_delay
2019-01-23,0.063221424044206,repaired_causal_delay
2019-01-24,-0.026963956723748954,repaired_causal_delay
2019-01-25,0.03623345491627157,repaired_causal_delay
2019-01-28,0.006318198771458032,repaired_causal_delay
2019-01-29,-0.007338291408625828,repaired_causal_delay
2019-01-30,0.325690677088158,repaired_causal_delay
2019-01-31,-0.4503077003997475,repaired_causal_delay
2019-02-01,-0.38401530617484153,repaired_causal_delay
2019-02-11,-0.2707141636327523,repaired_causal_delay
2019-02-12,-0.03361046184816529,repaired_causal_delay
2019-02-13,-0.22539017827596378,repaired_causal_delay
2019-02-14,-0.5215984851924395,repaired_causal_delay
2019-02-15,0.21746393027689048,repaired_causal_delay
2019-02-18,-0.14067612282148043,repaired_causal_delay
2019-02-19,-0.14215894216913824,repaired_causal_delay
2019-02-20,-0.07489607511902906,repaired_causal_delay
2019-02-21,0.30797136099050676,repaired_causal_delay
2019-02-22,0.21111387385319635,repaired_causal_delay
2019-02-25,-0.5037279577539148,repaired_causal_delay
2019-02-26,-0.09768958671140605,repaired_causal_delay
2019-02-27,-0.31151787712925155,repaired_causal_delay
2019-02-28,0.18177395123556842,repaired_causal_delay
2019-03-01,0.011861709847715578,repaired_causal_delay
2019-03-04,0.12240953082263832,repaired_causal_delay
2019-03-05,0.199853497759811,repaired_causal_delay
2019-03-06,0.3419337337063127,repaired_causal_delay
2019-03-07,-0.5014243081931633,repaired_causal_delay
2019-03-08,0.4115901455767078,repaired_causal_delay
2019-03-11,0.06849022415940252,repaired_causal_delay
2019-03-12,-0.030053486132230734,repaired_causal_delay
2019-03-13,-0.49996876962441955,repaired_causal_delay
2019-03-14,0.032006206626930475,repaired_causal_delay
2019-03-15,-0.1211734693877551,repaired_causal_delay
2019-03-18,-0.0665437175988421,repaired_causal_delay
2019-03-19,-0.047129678967680375,repaired_causal_delay
2019-03-20,0.32763042033923057,repaired_causal_delay
2019-03-21,-0.08915539075290527,repaired_causal_delay
2019-03-22,-0.08743277184602757,repaired_causal_delay
2019-03-25,-0.4386388814945905,repaired_causal_delay
2019-03-26,-0.10473021865544001,repaired_causal_delay
2019-03-27,-0.2455718174499271,repaired_causal_delay
2019-03-28,-0.11868819692825583,repaired_causal_delay
2019-03-29,0.12632810856301283,repaired_causal_delay
2019-04-01,-0.07444472222607305,repaired_causal_delay
2019-04-02,0.0737061158147937,repaired_causal_delay
2019-04-03,-0.047352295295163986,repaired_causal_delay
2019-04-04,-0.23527161560478738,repaired_causal_delay
2019-04-08,0.04825660348488036,repaired_causal_delay
2019-04-09,0.015326891873446125,repaired_causal_delay
2019-04-10,-0.15332629894530195,repaired_causal_delay
2019-04-11,-0.18833574885236243,repaired_causal_delay
2019-04-12,-0.16081276659451932,repaired_causal_delay
2019-04-15,0.10954519807385661,repaired_causal_delay
2019-04-16,-0.004150488686571161,repaired_causal_delay
2019-04-17,0.005782705439528565,repaired_causal_delay
2019-04-18,-0.09182027448065942,repaired_causal_delay
2019-04-19,-0.37008952948217344,repaired_causal_delay
2019-04-22,-0.15740308411665885,repaired_causal_delay
2019-04-23,0.19831787260358685,repaired_causal_delay
2019-04-24,-0.20221397649969075,repaired_causal_delay
2019-04-25,-0.16453456679618308,repaired_causal_delay
2019-04-26,0.01574130450729554,repaired_causal_delay
2019-04-29,-0.23685837971552257,repaired_causal_delay
2019-04-30,-0.027281015498983093,repaired_causal_delay
2019-05-06,-0.013688324439429004,repaired_causal_delay
2019-05-07,-0.41548645295322084,repaired_causal_delay
2019-05-08,-0.08185684138710833,repaired_causal_delay
2019-05-09,-0.23789122021817158,repaired_causal_delay
2019-05-10,0.07287901102334092,repaired_causal_delay
2019-05-13,-0.08543886158024595,repaired_causal_delay
2019-05-14,0.08290138923423164,repaired_causal_delay
2019-05-15,-0.28164030373161447,repaired_causal_delay
2019-05-16,0.3364191037239638,repaired_causal_delay
2019-05-17,-0.12625559058646157,repaired_causal_delay
2019-05-20,-0.044609783932317064,repaired_causal_delay
2019-05-21,-0.04200855599971947,repaired_causal_delay
2019-05-22,0.2510922413891691,repaired_causal_delay
2019-05-23,-0.17934816677296472,repaired_causal_delay
2019-05-24,-0.29189843125855325,repaired_causal_delay
2019-05-27,0.023157188800805008,repaired_causal_delay
2019-05-28,0.01718849158366745,repaired_causal_delay
2019-05-29,0.16755919800479116,repaired_causal_delay
2019-05-30,-0.07839198476915571,repaired_causal_delay
2019-05-31,0.0378454368389252,repaired_causal_delay
2019-06-03,0.07845625147451664,repaired_causal_delay
2019-06-04,0.08835441908771574,repaired_causal_delay
2019-06-05,0.025355677612602014,repaired_causal_delay
2019-06-06,-0.06885536101287902,repaired_causal_delay
2019-06-10,-0.17696690179055888,repaired_causal_delay
2019-06-11,0.09328666965955477,repaired_causal_delay
2019-06-12,-0.3226039047740176,repaired_causal_delay
2019-06-13,-0.04071948488241882,repaired_causal_delay
2019-06-14,-0.018594492465714898,repaired_causal_delay
2019-06-17,-0.19670414917511594,repaired_causal_delay
2019-06-18,-0.23371106351004453,repaired_causal_delay
2019-06-19,-0.016103745981288154,repaired_causal_delay
2019-06-20,-0.5492330923246815,repaired_causal_delay
2019-06-21,0.036983520337933534,repaired_causal_delay
2019-06-24,-0.16745899873653244,repaired_causal_delay
2019-06-25,-0.27718815519391937,repaired_causal_delay
2019-06-26,0.02992151068609611,repaired_causal_delay
2019-06-27,0.2529290723802159,repaired_causal_delay
2019-06-28,-0.16664333706606943,repaired_causal_delay
2019-07-01,-0.14448520424272449,repaired_causal_delay
2019-07-02,-0.24255319148936172,repaired_causal_delay
2019-07-03,0.1753029868222599,repaired_causal_delay
2019-07-04,-0.19283015285178484,repaired_causal_delay
2019-07-05,-0.14500279955207168,repaired_causal_delay
2019-07-08,0.004507436573188812,repaired_causal_delay
2019-07-09,0.1876845980670726,repaired_causal_delay
2019-07-10,0.10404600030199083,repaired_causal_delay
2019-07-11,-0.12669100681603573,repaired_causal_delay
2019-07-12,-0.04663225164043798,repaired_causal_delay
2019-07-15,-0.4090603917903767,repaired_causal_delay
2019-07-16,-0.040400507696252676,repaired_causal_delay
2019-07-17,-0.13271323038025823,repaired_causal_delay
2019-07-18,0.03470725012768546,repaired_causal_delay
2019-07-19,0.2157412364978093,repaired_causal_delay
2019-07-22,-0.13336787706019157,repaired_causal_delay
2019-07-23,-0.28443313576163504,repaired_causal_delay
2019-07-24,0.08536195892001489,repaired_causal_delay
2019-07-25,0.13670999593330666,repaired_causal_delay
2019-07-26,0.16605520271794802,repaired_causal_delay
2019-07-29,-0.216574833128634,repaired_causal_delay
2019-07-30,0.13052469699150684,repaired_causal_delay
2019-07-31,0.10054740341175784,repaired_causal_delay
2019-08-01,0.2726006305461464,repaired_causal_delay
2019-08-02,-0.2172076413990444,repaired_causal_delay
2019-08-05,0.30712978724760753,repaired_causal_delay
2019-08-06,-0.13543680714124331,repaired_causal_delay
2019-08-07,-0.11063466273050988,repaired_causal_delay
2019-08-08,0.10904813238266219,repaired_causal_delay
2019-08-09,-0.31721693226427283,repaired_causal_delay
2019-08-12,0.03260186908772388,repaired_causal_delay
2019-08-13,-0.09127747519673594,repaired_causal_delay
2019-08-14,0.09389052215334322,repaired_causal_delay
2019-08-15,-0.07499730695510626,repaired_causal_delay
2019-08-16,-0.4156290444950238,repaired_causal_delay
2019-08-19,0.051465084167960244,repaired_causal_delay
2019-08-20,-0.1730500708061647,repaired_causal_delay
2019-08-21,0.10511580025876294,repaired_causal_delay
2019-08-22,0.2513292409788837,repaired_causal_delay
2019-08-23,0.13179596872207916,repaired_causal_delay
2019-08-26,-0.28608134043780176,repaired_causal_delay
2019-08-27,0.027732255688468738,repaired_causal_delay
2019-08-28,0.10780731580449428,repaired_causal_delay
2019-08-29,-0.1600142812977333,repaired_causal_delay
2019-08-30,-0.1613462629662924,repaired_causal_delay
2019-09-02,0.04854684349622601,repaired_causal_delay
2019-09-03,-0.2934934028711393,repaired_causal_delay
2019-09-04,-0.060824768590749735,repaired_causal_delay
2019-09-05,0.11186630898987358,repaired_causal_delay
2019-09-06,0.18467041130754672,repaired_causal_delay
2019-09-09,0.06554606949224423,repaired_causal_delay
2019-09-10,-0.2193523299047376,repaired_causal_delay
2019-09-11,-0.13770171987770305,repaired_causal_delay
2019-09-12,-0.03896103896103896,repaired_causal_delay
2019-09-16,-0.3626991565135894,repaired_causal_delay
2019-09-17,-0.22958554579153545,repaired_causal_delay
2019-09-18,0.22979616086087398,repaired_causal_delay
2019-09-19,-0.006690520870787108,repaired_causal_delay
2019-09-20,0.04450154129644507,repaired_causal_delay
2019-09-23,-0.18985069017976156,repaired_causal_delay
2019-09-24,-0.04050392415635419,repaired_causal_delay
2019-09-25,-0.21728382074479274,repaired_causal_delay
2019-09-26,-0.059948631812764226,repaired_causal_delay
2019-09-27,0.044366861610215046,repaired_causal_delay
2019-09-30,0.06692266232264367,repaired_causal_delay
2019-10-08,0.0005918405024439264,repaired_causal_delay
2019-10-09,-0.11786132261331708,repaired_causal_delay
2019-10-10,0.22046300391800933,repaired_causal_delay
2019-10-11,-0.2223734475956917,repaired_causal_delay
2019-10-14,0.18773199491725545,repaired_causal_delay
2019-10-15,-0.05749076229671118,repaired_causal_delay
2019-10-16,-0.20781921689885555,repaired_causal_delay
2019-10-17,0.05194105019571708,repaired_causal_delay
2019-10-18,0.11093612911555224,repaired_causal_delay
2019-10-21,-0.38624437529060657,repaired_causal_delay
2019-10-22,-0.11783734744123435,repaired_causal_delay
2019-10-23,0.09574048997277318,repaired_causal_delay
2019-10-24,-0.2361443604751266,repaired_causal_delay
2019-10-25,-0.4283708770885998,repaired_causal_delay
2019-10-28,0.24576583210603828,repaired_causal_delay
2019-10-29,0.09981548493630574,repaired_causal_delay
2019-10-30,0.19037154602329381,repaired_causal_delay
2019-10-31,0.1820611651978098,repaired_causal_delay
2019-11-01,0.20590586768059072,repaired_causal_delay
2019-11-04,0.17834706758024546,repaired_causal_delay
2019-11-05,0.033831212394020295,repaired_causal_delay
2019-11-06,-0.027331471898496284,repaired_causal_delay
2019-11-07,-0.23052864340990378,repaired_causal_delay
2019-11-08,0.4003392594151062,repaired_causal_delay
2019-11-11,0.028339685698959727,repaired_causal_delay
2019-11-12,0.09882396327885928,repaired_causal_delay
2019-11-13,0.004474097470143831,repaired_causal_delay
2019-11-14,-0.27956395389480315,repaired_causal_delay
2019-11-15,-0.07603117778016105,repaired_causal_delay
2019-11-18,-0.24952743506681707,repaired_causal_delay
2019-11-19,-0.07357219641646509,repaired_causal_delay
2019-11-20,-0.2371131319206322,repaired_causal_delay
2019-11-21,-0.16975724968483358,repaired_causal_delay
2019-11-22,-0.10914270211611503,repaired_causal_delay
2019-11-25,0.04225504958405018,repaired_causal_delay
2019-11-26,-0.11084954112878996,repaired_causal_delay
2019-11-27,-0.19819651422011775,repaired_causal_delay
2019-11-28,-0.17972680033117513,repaired_causal_delay
2019-11-29,0.11319294529521673,repaired_causal_delay
2019-12-02,-0.1375827061310998,repaired_causal_delay
2019-12-03,0.022244733243193104,repaired_causal_delay
2019-12-04,-0.2290554264569649,repaired_causal_delay
2019-12-05,-0.08396243928004503,repaired_causal_delay
2019-12-06,-0.02187044116287955,repaired_causal_delay
2019-12-09,0.04193241046572065,repaired_causal_delay
2019-12-10,-0.07182974743613155,repaired_causal_delay
2019-12-11,-0.1379614168651709,repaired_causal_delay
2019-12-12,-0.1946402272249106,repaired_causal_delay
2019-12-13,-0.06970689179662991,repaired_causal_delay
2019-12-16,-0.11063477267054453,repaired_causal_delay
2019-12-17,0.04711484257759077,repaired_causal_delay
2019-12-18,-0.22820912614010289,repaired_causal_delay
2019-12-19,-0.1018360224538516,repaired_causal_delay
2019-12-20,-0.08288186408584051,repaired_causal_delay
2019-12-23,0.12152607318947517,repaired_causal_delay
2019-12-24,-0.006382646383104167,repaired_causal_delay
2019-12-25,0.1584761256927056,repaired_causal_delay
2019-12-26,-0.3479233033700362,repaired_causal_delay
2019-12-27,-0.007692636438493803,repaired_causal_delay
2019-12-30,-0.23543307186952914,repaired_causal_delay
2018-01-16,0.10123888874802564,safe_alternative
2018-01-17,0.18475476512432837,safe_alternative
2018-01-18,0.0760983433716456,safe_alternative
2018-01-19,0.0070888162911258755,safe_alternative
2018-01-22,-0.03912613189995836,safe_alternative
2018-01-23,-0.02265386245940838,safe_alternative
2018-01-24,0.05521800382906477,safe_alternative
2018-01-25,0.09072418288176125,safe_alternative
2018-01-26,-0.09494050415330815,safe_alternative
2018-01-29,0.07699866354406583,safe_alternative
2018-01-30,-0.23213640648048955,safe_alternative
2018-01-31,-0.12565834627749883,safe_alternative
2018-02-01,0.0012011026271405928,safe_alternative
2018-02-02,-0.1548715729630338,safe_alternative
2018-02-05,0.16455526255566227,safe_alternative
2018-02-06,-0.17559110998845553,safe_alternative
2018-02-07,-0.15595556159842872,safe_alternative
2018-02-08,0.05024428586840929,safe_alternative
2018-02-09,-0.24132669574464802,safe_alternative
2018-02-12,0.02372144647754855,safe_alternative
2018-02-13,-0.08326397262619704,safe_alternative
2018-02-14,-0.24906369927407795,safe_alternative
2018-02-22,-0.01510737059031686,safe_alternative
2018-02-23,-0.31060524328406514,safe_alternative
2018-02-26,0.05884528837664497,safe_alternative
2018-02-27,0.2823536731961669,safe_alternative
2018-02-28,0.08149726311109531,safe_alternative
2018-03-01,0.03300498003455959,safe_alternative
2018-03-02,-0.04809026186481578,safe_alternative
2018-03-05,-0.04364779680347703,safe_alternative
2018-03-06,0.3412011832721264,safe_alternative
2018-03-07,-0.057739375663271954,safe_alternative
2018-03-08,-0.11507581435499872,safe_alternative
2018-03-09,-0.22046644942509164,safe_alternative
2018-03-12,0.22734665256704742,safe_alternative
2018-03-13,-0.03636879072863597,safe_alternative
2018-03-14,0.032603667816840966,safe_alternative
2018-03-15,-0.07533429008741194,safe_alternative
2018-03-16,-0.046380691723561226,safe_alternative
2018-03-19,-0.16525715160135548,safe_alternative
2018-03-20,0.09667337547374497,safe_alternative
2018-03-21,0.01685389327366251,safe_alternative
2018-03-22,0.1392840371347036,safe_alternative
2018-03-23,-0.2365288409234194,safe_alternative
2018-03-26,-0.4189519859150726,safe_alternative
2018-03-27,0.1679792857913475,safe_alternative
2018-03-28,0.012191644648040883,safe_alternative
2018-03-29,-0.19028862272040603,safe_alternative
2018-03-30,-0.16737604465829695,safe_alternative
2018-04-02,0.19310399745182355,safe_alternative
2018-04-03,0.06272198793481652,safe_alternative
2018-04-04,0.023143993962445732,safe_alternative
2018-04-09,0.21848864029043427,safe_alternative
2018-04-10,-0.04625643152121413,safe_alternative
2018-04-11,0.19273924741167225,safe_alternative
2018-04-12,0.16258809489296724,safe_alternative
2018-04-13,0.09093949578308569,safe_alternative
2018-04-16,0.09825529423811202,safe_alternative
2018-04-17,-0.03184205355067928,safe_alternative
2018-04-18,0.04653726616824352,safe_alternative
2018-04-19,0.14925384636242892,safe_alternative
2018-04-20,0.023535032831623066,safe_alternative
2018-04-23,-0.2425442719972874,safe_alternative
2018-04-24,-0.21030161983878673,safe_alternative
2018-04-25,0.18846460824148148,safe_alternative
2018-04-26,-0.00800702831182963,safe_alternative
2018-04-27,-0.03207644836307352,safe_alternative
2018-05-02,-0.10654732518193404,safe_alternative
2018-05-03,-0.1360757835469041,safe_alternative
2018-05-04,-0.013310285220397578,safe_alternative
2018-05-07,0.0035480551674040377,safe_alternative
2018-05-08,0.08215338084504409,safe_alternative
2018-05-09,-0.2427042242080901,safe_alternative
2018-05-10,0.14113243653895613,safe_alternative
2018-05-11,0.020706819514203834,safe_alternative
2018-05-14,-0.058829875781470364,safe_alternative
2018-05-15,0.057318778874625484,safe_alternative
2018-05-16,0.2833163792747368,safe_alternative
2018-05-17,-0.09436193669019424,safe_alternative
2018-05-18,0.09732625108173433,safe_alternative
2018-05-21,0.1350831069751389,safe_alternative
2018-05-22,0.0016937290033594624,safe_alternative
2018-05-23,-0.03402122541761826,safe_alternative
2018-05-24,-0.033217150299311105,safe_alternative
2018-05-25,0.09136338185890258,safe_alternative
2018-05-28,0.15263627728480797,safe_alternative
2018-05-29,0.2311870100783875,safe_alternative
2018-05-30,-0.24449273688817427,safe_alternative
2018-05-31,0.05339119492325357,safe_alternative
2018-06-01,0.0677483183922661,safe_alternative
2018-06-04,-0.1825391561512071,safe_alternative
2018-06-05,0.0021140761473499416,safe_alternative
2018-06-06,0.2540811518020314,safe_alternative
2018-06-07,-0.02592385218365062,safe_alternative
2018-06-08,-0.12309041078078643,safe_alternative
2018-06-11,-0.2828033969944424,safe_alternative
2018-06-12,0.07389934923960555,safe_alternative
2018-06-13,0.06265485239768921,safe_alternative
2018-06-14,0.10923193444784267,safe_alternative
2018-06-15,0.3117301231802912,safe_alternative
2018-06-19,0.017511259487997366,safe_alternative
2018-06-20,0.3314821230497727,safe_alternative
2018-06-21,-0.3604325842145801,safe_alternative
2018-06-22,-0.13309812474942914,safe_alternative
2018-06-25,-0.3622600564529494,safe_alternative
2018-06-26,-0.034316335943588926,safe_alternative
2018-06-27,0.09847241326403099,safe_alternative
2018-06-28,-0.13909636019356195,safe_alternative
2018-06-29,-0.13824345471759483,safe_alternative
2018-07-02,-0.3915697703109022,safe_alternative
2018-07-03,0.2564057046181127,safe_alternative
2018-07-04,0.07344070008685567,safe_alternative
2018-07-05,-0.17120763403364556,safe_alternative
2018-07-06,-0.14134494003787082,safe_alternative
2018-07-09,-0.20660678871115243,safe_alternative
2018-07-10,0.17874237323795497,safe_alternative
2018-07-11,-0.25773195876288657,safe_alternative
2018-07-12,-0.03468135860725402,safe_alternative
2018-07-13,-0.015307128894391281,safe_alternative
2018-07-16,-0.1769449478735603,safe_alternative
2018-07-17,0.29761796287078346,safe_alternative
2018-07-18,0.3649680628309184,safe_alternative
2018-07-19,-0.056175047338523035,safe_alternative
2018-07-20,-0.22120530726332924,safe_alternative
2018-07-23,0.009086366505365031,safe_alternative
2018-07-24,-0.06593305474729669,safe_alternative
2018-07-25,0.21403633362652055,safe_alternative
2018-07-26,-0.019370619296768348,safe_alternative
2018-07-27,-0.0021432447097124254,safe_alternative
2018-07-30,0.17781788805836252,safe_alternative
2018-07-31,-0.0070808464460119375,safe_alternative
2018-08-01,0.15166847531199132,safe_alternative
2018-08-02,0.12234872894534737,safe_alternative
2018-08-03,0.13609475729184217,safe_alternative
2018-08-06,-0.21772924579489963,safe_alternative
2018-08-07,0.0034726461295399185,safe_alternative
2018-08-08,0.037242899539054714,safe_alternative
2018-08-09,-0.013828200358856882,safe_alternative
2018-08-10,0.01876373734768395,safe_alternative
2018-08-13,0.20237021403007416,safe_alternative
2018-08-14,0.21395697454239423,safe_alternative
2018-08-15,0.17928937118520702,safe_alternative
2018-08-16,0.23093205482377524,safe_alternative
2018-08-17,-0.05512987914921934,safe_alternative
2018-08-20,-0.13598602460827428,safe_alternative
2018-08-21,0.1715293383892905,safe_alternative
2018-08-22,-0.013429972874563906,safe_alternative
2018-08-23,0.1711717982849585,safe_alternative
2018-08-24,-0.2896772013726354,safe_alternative
2018-08-27,-0.1734919335043769,safe_alternative
2018-08-28,0.018422277922277807,safe_alternative
2018-08-29,0.2810063310333203,safe_alternative
2018-08-30,0.12553663094262685,safe_alternative
2018-08-31,0.1646065601156235,safe_alternative
2018-09-03,0.19548532740723087,safe_alternative
2018-09-04,0.19275260591497811,safe_alternative
2018-09-05,0.17192899583574017,safe_alternative
2018-09-06,-0.017080268825377685,safe_alternative
2018-09-07,0.2157973506330885,safe_alternative
2018-09-10,0.045131257136842656,safe_alternative
2018-09-11,-0.026004090436317767,safe_alternative
2018-09-12,-0.07243490644071567,safe_alternative
2018-09-13,0.04869812613679945,safe_alternative
2018-09-14,0.15617056811944047,safe_alternative
2018-09-17,-0.22323096143898558,safe_alternative
2018-09-18,-0.08336709340191212,safe_alternative
2018-09-19,-0.12533862845329194,safe_alternative
2018-09-20,0.04709956709956709,safe_alternative
2018-09-21,0.29024477732309595,safe_alternative
2018-09-25,-0.08754336963608139,safe_alternative
2018-09-26,-0.09696332506638831,safe_alternative
2018-09-27,-0.033544014152400756,safe_alternative
2018-09-28,0.332269635126778,safe_alternative
2018-10-08,0.11452818223125937,safe_alternative
2018-10-09,-0.04238402952939022,safe_alternative
2018-10-10,-0.18301850036729536,safe_alternative
2018-10-11,0.21870023167086672,safe_alternative
2018-10-12,0.21604472536872563,safe_alternative
2018-10-15,-0.03147283467289057,safe_alternative
2018-10-16,-0.03280716561647222,safe_alternative
2018-10-17,0.05223252937538651,safe_alternative
2018-10-18,-0.015213358070500926,safe_alternative
2018-10-19,-0.2584168212739641,safe_alternative
2018-10-22,-0.19257326089535756,safe_alternative
2018-10-23,-0.0721356149671613,safe_alternative
2018-10-24,-0.10341585671128588,safe_alternative
2018-10-25,0.1632796942573165,safe_alternative
2018-10-26,0.06029703245864465,safe_alternative
2018-10-29,-0.27520802476329703,safe_alternative
2018-10-30,-0.05879151473919425,safe_alternative
2018-10-31,-0.11242476101349101,safe_alternative
2018-11-01,-0.15590599876314162,safe_alternative
2018-11-02,-0.10280165768934217,safe_alternative
2018-11-05,-0.047043760634605164,safe_alternative
2018-11-06,0.1785466897973392,safe_alternative
2018-11-07,0.03635756400709347,safe_alternative
2018-11-08,-0.07048943091981265,safe_alternative
2018-11-09,0.015448361162646878,safe_alternative
2018-11-12,-0.14342434837866083,safe_alternative
2018-11-13,0.07250553501525561,safe_alternative
2018-11-14,-0.12026964352204811,safe_alternative
2018-11-15,-0.3116107203631676,safe_alternative
2018-11-16,0.048360961420313486,safe_alternative
2018-11-19,0.33362136213621363,safe_alternative
2018-11-20,-0.3244991167533371,safe_alternative
2018-11-21,0.1002712986820715,safe_alternative
2018-11-22,0.2812001200120012,safe_alternative
2018-11-23,0.0007861611673739137,safe_alternative
2018-11-26,-0.21356199688664043,safe_alternative
2018-11-27,0.08594917343122821,safe_alternative
2018-11-28,0.44276155920196486,safe_alternative
2018-11-29,0.04234348074626368,safe_alternative
2018-11-30,0.0018421897455520822,safe_alternative
2018-12-03,-0.1934856656282622,safe_alternative
2018-12-04,0.3522232223222322,safe_alternative
2018-12-05,0.2694629462946294,safe_alternative
2018-12-06,0.1015011630076556,safe_alternative
2018-12-07,0.10754907755547223,safe_alternative
2018-12-10,-0.1956404343980366,safe_alternative
2018-12-11,0.28312965956668,safe_alternative
2018-12-12,0.22343847650647763,safe_alternative
2018-12-13,0.31105910591059105,safe_alternative
2018-12-14,0.03089433350870922,safe_alternative
2018-12-17,-0.1328012484388307,safe_alternative
2018-12-18,0.3261215905252917,safe_alternative
2018-12-19,-0.30225105508021954,safe_alternative
2018-12-20,0.20890542524412903,safe_alternative
2018-12-21,-0.0618939031359286,safe_alternative
2018-12-24,-0.09775540431526114,safe_alternative
2018-12-25,-0.10852167794393795,safe_alternative
2018-12-26,0.3888255181980162,safe_alternative
2018-12-27,0.14117792670020374,safe_alternative
2018-12-28,0.013706764518495937,safe_alternative
2019-01-02,0.160063132831503,safe_alternative
2019-01-03,-0.10991960420531849,safe_alternative
2019-01-04,-0.014669412545738308,safe_alternative
2019-01-07,-0.0048369539049926994,safe_alternative
2019-01-08,0.1906415085883273,safe_alternative
2019-01-09,-0.0028727466571561357,safe_alternative
2019-01-10,0.14601456643907867,safe_alternative
2019-01-11,0.14051907776678277,safe_alternative
2019-01-14,0.021907132934904126,safe_alternative
2019-01-15,-0.0593605047829567,safe_alternative
2019-01-16,0.1125620825107543,safe_alternative
2019-01-17,0.11520811451311913,safe_alternative
2019-01-18,-0.17954648650824867,safe_alternative
2019-01-21,0.25347389359925027,safe_alternative
2019-01-22,0.014339800348236814,safe_alternative
2019-01-23,0.20783780024299464,safe_alternative
2019-01-24,0.24779516405854796,safe_alternative
2019-01-25,0.09330529705441146,safe_alternative
2019-01-28,0.2853688477714563,safe_alternative
2019-01-29,0.14635790463243942,safe_alternative
2019-01-30,0.2963324886612406,safe_alternative
2019-01-31,-0.19038055709631554,safe_alternative
2019-02-01,-0.4399085741996295,safe_alternative
2019-02-11,-0.31275701801110667,safe_alternative
2019-02-12,0.09240764176943767,safe_alternative
2019-02-13,0.015003363575868236,safe_alternative
2019-02-14,-0.35802406169429607,safe_alternative
2019-02-15,-0.21175142971902908,safe_alternative
2019-02-18,0.059806005703787274,safe_alternative
2019-02-19,0.05074873382929677,safe_alternative
2019-02-20,0.04295988372793205,safe_alternative
2019-02-21,-0.3432026981364242,safe_alternative
2019-02-22,-0.10712430426716141,safe_alternative
2019-02-25,0.34475380032074715,safe_alternative
2019-02-26,0.07627799973372253,safe_alternative
2019-02-27,0.29508095340480267,safe_alternative
2019-02-28,-0.20435437339112347,safe_alternative
2019-03-01,-0.09834706967755802,safe_alternative
2019-03-04,-0.27335807050092764,safe_alternative
2019-03-05,-0.02448883306860994,safe_alternative
2019-03-06,-0.10746346693889801,safe_alternative
2019-03-07,0.22777958418606428,safe_alternative
2019-03-08,-0.14222596254996844,safe_alternative
2019-03-11,-0.15179003049631962,safe_alternative
2019-03-12,-0.03126325236463731,safe_alternative
2019-03-13,0.5175432540767172,safe_alternative
2019-03-14,-0.10186363173192972,safe_alternative
2019-03-15,0.1730486008836524,safe_alternative
2019-03-18,-0.031381599061285785,safe_alternative
2019-03-19,-0.09760603854285928,safe_alternative
2019-03-20,-0.2691868737100868,safe_alternative
2019-03-21,0.05456910237808709,safe_alternative
2019-03-22,0.1145128692385585,safe_alternative
2019-03-25,0.345989920211387,safe_alternative
2019-03-26,0.1433125692314271,safe_alternative
2019-03-27,0.34759351472729644,safe_alternative
2019-03-28,-0.0678550708005789,safe_alternative
2019-03-29,-0.1485823945323209,safe_alternative
2019-04-01,-0.10545208802413904,safe_alternative
2019-04-02,0.07220573378535333,safe_alternative
2019-04-03,0.047953592503266126,safe_alternative
2019-04-04,0.35101530926361146,safe_alternative
2019-04-08,-0.19387755102040816,safe_alternative
2019-04-09,0.10124242797053659,safe_alternative
2019-04-10,0.35976705600838793,safe_alternative
2019-04-11,0.026551116073897596,safe_alternative
2019-04-12,0.18468868514603543,safe_alternative
2019-04-15,-0.11895025187647859,safe_alternative
2019-04-16,0.013753375337533751,safe_alternative
2019-04-17,0.13253084346401126,safe_alternative
2019-04-18,0.11416226616811186,safe_alternative
2019-04-19,0.18379367871750749,safe_alternative
2019-04-22,0.13139553374056662,safe_alternative
2019-04-23,-0.1167116711671167,safe_alternative
2019-04-24,0.5108472479901051,safe_alternative
2019-04-25,-0.03184601701658211,safe_alternative
2019-04-26,0.45009037383436046,safe_alternative
2019-04-29,-0.11203769230278803,safe_alternative
2019-04-30,0.30678550708005786,safe_alternative
2019-05-06,-0.1771959017908944,safe_alternative
2019-05-07,-0.060750793272945885,safe_alternative
2019-05-08,0.08846200438088074,safe_alternative
2019-05-09,-0.3868370215940171,safe_alternative
2019-05-10,0.16384548196035673,safe_alternative
2019-05-13,0.08413824761394716,safe_alternative
2019-05-14,-0.31845277942479705,safe_alternative
2019-05-15,-0.014347557204700061,safe_alternative
2019-05-16,0.4490290661719233,safe_alternative
2019-05-17,0.07245538792671598,safe_alternative
2019-05-20,-0.3228076685219542,safe_alternative
2019-05-21,0.22033395176252318,safe_alternative
2019-05-22,0.14327201089021688,safe_alternative
2019-05-23,0.22919502921146778,safe_alternative
2019-05-24,-0.3837051394345619,safe_alternative
2019-05-27,0.057636887637356145,safe_alternative
2019-05-28,-0.17555146875087302,safe_alternative
2019-05-29,0.22700248966474595,safe_alternative
2019-05-30,0.24733242025572283,safe_alternative
2019-05-31,0.37444412920938613,safe_alternative
2019-06-03,0.19798009463918864,safe_alternative
2019-06-04,-0.0364885318415377,safe_alternative
2019-06-05,0.4350567585941001,safe_alternative
2019-06-06,-0.05287592537986652,safe_alternative
2019-06-10,-0.5255365032610982,safe_alternative
2019-06-11,0.18772601156172203,safe_alternative
2019-06-12,-0.10513320632332174,safe_alternative
2019-06-13,0.4392837764514379,safe_alternative
2019-06-14,0.06291130392846987,safe_alternative
2019-06-17,0.03573729484951016,safe_alternative
2019-06-18,0.02235473621070368,safe_alternative
2019-06-19,-0.029339305711086228,safe_alternative
2019-06-20,-0.14202326461728212,safe_alternative
2019-06-21,-0.015313764191928508,safe_alternative
2019-06-24,0.0944741907840102,safe_alternative
2019-06-25,0.26446044913116723,safe_alternative
2019-06-26,-0.059625537941648495,safe_alternative
2019-06-27,0.2903036157005533,safe_alternative
2019-06-28,-0.24120940649496084,safe_alternative
2019-07-01,0.02261081442364342,safe_alternative
2019-07-02,0.3551651735722285,safe_alternative
2019-07-03,0.26415921547925164,safe_alternative
2019-07-04,0.11334547982442604,safe_alternative
2019-07-05,0.4019736842105263,safe_alternative
2019-07-08,-0.3331229331609272,safe_alternative
2019-07-09,-0.02677291675116742,safe_alternative
2019-07-10,-0.05715488144822938,safe_alternative
2019-07-11,0.21633814311257765,safe_alternative
2019-07-12,-0.13629145564448175,safe_alternative
2019-07-15,0.193375268287959,safe_alternative
2019-07-16,0.03954997132483399,safe_alternative
2019-07-17,0.33771441869236324,safe_alternative
2019-07-18,0.2578927608205889,safe_alternative
2019-07-19,0.3191869861698032,safe_alternative
2019-07-22,-0.2250409820084501,safe_alternative
2019-07-23,-0.0348871681911386,safe_alternative
2019-07-24,0.2483824244512568,safe_alternative
2019-07-25,-0.03408852497329926,safe_alternative
2019-07-26,0.34287554116031616,safe_alternative
2019-07-29,0.12498804531937828,safe_alternative
2019-07-30,0.338892380235368,safe_alternative
2019-07-31,-0.04064872197031875,safe_alternative
2019-08-01,-0.021766226645567835,safe_alternative
2019-08-02,-0.024166063728236556,safe_alternative
2019-08-05,0.15454991743651536,safe_alternative
2019-08-06,0.07346816960018751,safe_alternative
2019-08-07,0.18007224426098378,safe_alternative
2019-08-08,0.128227035628119,safe_alternative
2019-08-09,-0.013044434597783181,safe_alternative
2019-08-12,-0.04822373086455226,safe_alternative
2019-08-13,0.1730798683291213,safe_alternative
2019-08-14,-0.04270070279305976,safe_alternative
2019-08-15,0.09782507082455504,safe_alternative
2019-08-16,-0.2237884844659513,safe_alternative
2019-08-19,-0.03708063141650383,safe_alternative
2019-08-20,0.07658171771315885,safe_alternative
2019-08-21,-0.12723470052557867,safe_alternative
2019-08-22,0.12126954822968421,safe_alternative
2019-08-23,0.058387552319891685,safe_alternative
2019-08-26,-0.22652011197465313,safe_alternative
2019-08-27,0.016955637589247726,safe_alternative
2019-08-28,0.034141428237677206,safe_alternative
2019-08-29,0.16315744173600658,safe_alternative
2019-08-30,0.03539072611237559,safe_alternative
2019-09-02,-0.07519074154561564,safe_alternative
2019-09-03,0.21606837171010368,safe_alternative
2019-09-04,-0.1448318074745777,safe_alternative
2019-09-05,0.0006694763433420762,safe_alternative
2019-09-06,-0.10288370195994757,safe_alternative
2019-09-09,-0.03197913595715583,safe_alternative
2019-09-10,0.19073699820074483,safe_alternative
2019-09-11,0.15533763955088575,safe_alternative
2019-09-12,0.09737390738863491,safe_alternative
2019-09-16,0.2697562623924921,safe_alternative
2019-09-17,0.0967787451469168,safe_alternative
2019-09-18,-0.10900987659161407,safe_alternative
2019-09-19,0.11366231881629843,safe_alternative
2019-09-20,-0.017061049356631375,safe_alternative
2019-09-23,0.1958734428608012,safe_alternative
2019-09-24,0.2503108084845934,safe_alternative
2019-09-25,0.47187302756154004,safe_alternative
2019-09-26,-0.2451690507000889,safe_alternative
2019-09-27,0.1968237061593654,safe_alternative
2019-09-30,0.18323843128389009,safe_alternative
2019-10-08,-0.1771707424093807,safe_alternative
2019-10-09,-0.046247715232738615,safe_alternative
2019-10-10,0.32997717849113145,safe_alternative
2019-10-11,0.0777429302614192,safe_alternative
2019-10-14,0.13950032476951224,safe_alternative
2019-10-15,0.2528830854821712,safe_alternative
2019-10-16,0.15990950757200204,safe_alternative
2019-10-17,0.18976235325934007,safe_alternative
2019-10-18,0.02250153718412778,safe_alternative
2019-10-21,-0.19337785358881865,safe_alternative
2019-10-22,0.45784346252638775,safe_alternative
2019-10-23,0.026959801449777984,safe_alternative
2019-10-24,0.1097846436543717,safe_alternative
2019-10-25,-0.17814023441674748,safe_alternative
2019-10-28,0.19407838111814546,safe_alternative
2019-10-29,0.1414498800840984,safe_alternative
2019-10-30,0.24124554553876104,safe_alternative
2019-10-31,-0.05540942303991693,safe_alternative
2019-11-01,0.13151258036290545,safe_alternative
2019-11-04,0.22231576472541578,safe_alternative
2019-11-05,0.38034962458839955,safe_alternative
2019-11-06,-0.028239450502731352,safe_alternative
2019-11-07,-0.03385827718976651,safe_alternative
2019-11-08,0.3020723753418893,safe_alternative
2019-11-11,-0.13622521157243686,safe_alternative
2019-11-12,0.040682937042138684,safe_alternative
2019-11-13,-0.2253102849523608,safe_alternative
2019-11-14,0.35718247722018603,safe_alternative
2019-11-15,0.03644280946281949,safe_alternative
2019-11-18,-0.2583512115207088,safe_alternative
2019-11-19,-0.01720768767322425,safe_alternative
2019-11-20,0.15037421489902472,safe_alternative
2019-11-21,0.05633710993575254,safe_alternative
2019-11-22,0.20669840100988845,safe_alternative
2019-11-25,0.24576906388964592,safe_alternative
2019-11-26,-0.05863706538551079,safe_alternative
2019-11-27,0.29603612750980435,safe_alternative
2019-11-28,0.11182713370552402,safe_alternative
2019-11-29,0.0666193130943883,safe_alternative
2019-12-02,-0.04416852076369341,safe_alternative
2019-12-03,-0.12929833414981967,safe_alternative
2019-12-04,0.019070416189859846,safe_alternative
2019-12-05,-0.15328669013297694,safe_alternative
2019-12-06,0.09175127786655748,safe_alternative
2019-12-09,0.055419743853434976,safe_alternative
2019-12-10,0.03645245559851226,safe_alternative
2019-12-11,0.17188964514437172,safe_alternative
2019-12-12,0.018010953209775003,safe_alternative
2019-12-13,-0.08614127143712286,safe_alternative
2019-12-16,-0.1391299360768328,safe_alternative
2019-12-17,0.12506457430763193,safe_alternative
2019-12-18,0.014994675469228304,safe_alternative
2019-12-19,0.179637934007784,safe_alternative
2019-12-20,0.2765016034530025,safe_alternative
2019-12-23,-0.2916281471989814,safe_alternative
2019-12-24,-0.0010329557583045705,safe_alternative
2019-12-25,-0.26433728342453533,safe_alternative
2019-12-26,0.21306258087981347,safe_alternative
2019-12-27,0.03541242722882702,safe_alternative
2019-12-30,0.09764923632488448,safe_alternative
